sqft_living,sqft_lot,floors,bedrooms,bathrooms,waterfront,view,price
1360,128796,3,1,1.3,0,1,98548
5890,93263,2,4,3.4,1,1,531437
5726,136090,1,2,3.6,1,0,508917
5691,12302,2,2,3.5,1,1,519503
4272,68506,1,2,2.5,1,0,212799
3592,42157,1,4,2.3,0,0,840820
966,55917,2,1,4.0,1,1,256789
5834,97646,3,4,1.7,0,0,500643
4926,84122,1,2,2.6,0,0,509352
3944,25519,1,5,3.0,1,0,877009
3671,81910,1,3,3.1,1,1,1470875
3419,121430,3,4,1.6,0,0,186776
630,72324,3,4,3.0,0,0,960678
2185,6408,2,1,3.5,1,1,857119
1269,60379,3,1,1.2,0,1,588624
2891,26053,2,4,3.7,1,0,287803
2933,141518,2,2,1.1,1,1,233761
5811,132994,3,3,2.1,0,0,572873
5551,99723,2,1,1.0,0,0,432092
1684,52356,3,2,1.2,1,0,96341
5055,11789,2,5,3.7,0,1,434698
3885,98720,3,1,2.1,1,0,1329329
4617,67656,3,2,2.3,1,1,383474
5343,45028,2,2,1.6,1,1,848429
3404,65484,1,3,2.8,0,0,1473479
974,33154,2,3,2.8,1,1,798776
1582,3336,3,5,2.1,1,1,1472527
3058,104677,1,2,2.0,1,1,894745
2547,68779,2,2,3.7,1,1,384044
3247,20029,2,3,2.1,1,1,153840
1475,60201,2,1,2.5,1,0,1289343
2306,33265,1,1,1.8,1,1,236297
689,103916,3,4,3.4,1,0,947504
3234,47197,2,3,2.2,1,0,124156
3505,126733,2,4,2.5,1,0,283281
5158,72907,2,3,1.8,1,0,162453
2399,129876,2,5,4.0,0,0,1073412
1767,65435,2,2,1.9,1,0,100938
2028,41631,3,5,3.3,1,1,134164
3702,130038,3,3,2.3,1,1,522746
4056,21103,2,2,1.6,0,1,798559
4390,65772,1,1,3.4,1,0,659570
1146,127108,3,1,2.0,0,1,1433521
3388,15382,1,4,3.6,1,1,477681
5893,85291,3,3,3.7,1,1,1389046
2935,102195,2,3,3.6,0,0,1239395
1100,135828,3,1,1.1,1,1,1390483
2863,21609,2,5,3.4,0,0,556873
2561,148550,3,2,2.2,0,1,216900
741,76683,2,5,3.6,1,0,1433308
2541,125714,2,5,2.9,1,0,872653
3324,131330,2,1,3.5,1,0,479427
3112,72315,2,1,2.5,1,1,612857
1863,78834,1,1,2.6,0,1,1351542
5986,127205,2,4,1.4,0,0,112860
1978,15153,1,5,3.4,1,1,277630
3056,77325,1,3,2.3,0,0,743875
1275,145071,2,2,2.5,0,0,670983
4514,56318,1,4,3.4,1,1,328078
534,132886,3,3,2.8,0,1,841887
3652,116033,2,5,1.6,0,1,443893
2455,77077,1,1,2.8,1,0,1079731
2085,91474,2,5,2.2,0,0,1279552
4443,134515,2,2,2.4,1,1,790295
3573,74319,2,4,1.1,0,0,1067652
1521,126885,1,4,1.6,1,1,1129212
3961,110777,3,2,1.8,0,0,336578
3113,18368,3,3,3.1,0,1,1462849
5725,147400,1,3,1.0,1,1,358816
4343,92751,2,4,2.2,1,0,1351269
2000,28306,1,4,3.8,1,1,596393
5298,38219,1,1,1.3,1,1,1124230
661,61279,1,3,2.5,0,0,653921
4797,54028,2,2,3.4,0,1,1140719
2481,105263,1,3,3.8,0,0,655222
1495,1126,2,1,3.2,1,1,1453054
5411,53329,1,4,3.2,0,0,702751
3842,28632,3,4,3.5,0,1,200851
5051,110945,1,1,2.3,1,1,628375
4298,56176,1,2,3.4,1,1,741978
1775,135869,3,4,1.0,0,1,869878
1516,145790,2,5,3.8,1,0,386011
837,35560,2,4,2.3,0,0,519244
1378,77589,1,5,2.7,0,0,233272
1576,23116,3,1,1.8,1,0,301179
5387,133717,2,1,3.2,0,0,949506
4493,125085,1,4,1.2,1,0,1341084
5359,118718,3,3,3.6,1,0,425036
879,20256,2,5,3.5,0,1,1343207
992,101158,2,2,1.6,0,1,457188
5776,120719,3,4,3.4,0,1,114148
2562,69244,3,2,3.4,1,1,1275346
4384,143766,3,4,2.9,0,0,510686
564,57264,3,3,2.1,1,0,560287
3068,58545,1,3,1.8,1,0,370901
5963,40224,3,3,1.7,0,1,153012
5748,98945,2,3,2.0,1,0,988475
2527,14224,2,1,3.7,0,1,1062751
3195,41738,1,1,1.2,0,0,131116
1995,64731,2,5,3.5,0,0,219233
5758,140649,2,2,2.0,0,0,1155728
891,9070,3,4,2.6,0,0,181379
5014,127161,2,4,3.4,0,1,1350481
4974,9666,1,1,3.7,0,1,1144412
4061,58761,3,4,2.0,1,0,296439
2778,37368,3,1,2.4,0,1,1310296
3599,138855,1,5,2.2,1,0,1280979
700,42914,3,2,1.0,1,0,1265411
5375,128738,3,5,1.9,1,0,930876
3604,68526,1,3,2.4,0,0,692397
5098,20956,3,3,2.2,1,1,1273835
2954,47240,1,3,3.2,1,0,1266605
4145,122008,1,5,2.2,0,0,472595
1304,95270,2,4,2.5,0,1,681306
3231,5757,2,2,2.3,1,0,1469028
3273,20097,3,3,3.2,0,1,395057
2070,142467,3,3,3.6,0,0,601925
5556,148313,1,3,2.6,0,0,540994
3190,104892,3,2,3.4,0,0,903457
4340,71480,1,3,1.9,1,0,831547
1528,47163,1,2,2.6,0,0,436652
1002,20816,3,3,2.0,0,0,681752
4993,53853,1,5,2.2,0,1,1414462
1370,97731,2,5,3.2,1,0,611119
4988,63823,3,2,3.6,1,1,188768
706,2759,2,5,1.4,0,1,846271
5634,93374,3,2,2.9,0,0,1470812
1984,134554,1,5,2.7,1,1,952311
1363,25442,3,5,1.4,0,0,987969
3290,94501,2,2,1.6,0,1,1039266
1063,3079,1,4,1.9,1,0,704112
5616,134789,3,5,1.5,0,1,1091462
4691,60676,3,3,1.7,0,1,1212317
2257,91397,3,4,1.8,1,0,1142406
2178,73847,2,2,2.0,1,1,1440764
3742,94607,2,4,3.2,0,0,935380
5136,65077,3,1,2.7,1,0,144202
1559,39258,1,1,4.0,0,0,374189
5779,138717,1,5,2.2,0,0,292394
2222,120771,2,5,3.3,0,0,1325699
3814,39000,1,3,3.6,1,1,232699
3657,27737,2,4,3.0,1,1,352342
3125,12485,3,1,2.2,0,1,930953
3229,39565,2,5,3.3,0,0,579655
2097,120614,2,4,1.6,1,1,311824
3560,66155,3,5,2.0,1,1,1142979
3193,53487,1,5,2.6,1,1,1127257
5391,130948,2,1,2.7,0,1,428699
5647,13342,2,1,1.1,1,1,1123072
4127,41806,3,5,3.8,1,0,704674
1863,49770,1,2,3.1,0,0,473845
2481,79623,2,5,2.5,0,1,168246
5950,104177,3,5,3.8,0,0,1219440
2163,132026,2,3,2.3,1,0,283886
2029,76629,3,3,3.9,0,1,345561
2538,121993,1,3,2.5,0,1,1289413
3802,127944,1,2,1.3,0,0,935931
2737,106947,1,2,3.3,0,1,1368736
5996,27399,1,5,3.0,1,0,262646
1806,129177,2,3,3.3,0,0,1095332
4529,110575,2,2,3.9,1,1,858566
3175,111904,1,1,3.3,1,0,889107
5568,31678,1,5,2.8,1,0,1380257
1782,77218,1,4,3.6,0,0,610620
1209,64230,2,5,3.0,1,1,854105
5244,75055,1,4,2.2,0,1,880609
4913,73258,1,3,3.7,0,1,991992
4248,40986,1,4,1.7,0,1,295326
5853,86595,3,3,3.1,1,0,798807
5279,102358,1,1,3.6,0,1,1385425
1163,65929,3,4,3.2,0,1,394248
2498,74506,3,5,3.1,0,1,421479
3945,35911,1,3,3.3,1,1,1204306
4243,88127,3,5,2.4,1,0,1361050
1995,114453,1,2,3.6,1,0,365477
3804,85458,2,3,1.6,0,0,358817
4263,13175,2,4,1.4,1,1,975853
5732,120235,2,3,1.9,0,1,328017
2353,55771,2,5,2.6,0,0,726824
5159,128157,3,1,2.5,1,1,408245
1791,122300,1,3,3.5,0,1,884253
4081,87925,1,4,2.2,1,0,1149070
3957,67358,1,2,2.5,0,0,449842
2136,149399,2,1,1.0,1,1,448704
4196,48057,2,2,2.2,0,1,1117630
3499,7150,1,3,2.9,0,1,355790
3652,5425,2,5,1.0,0,0,198777
1198,17032,1,5,1.8,0,0,1423055
2660,3198,1,4,1.6,0,0,930783
4597,145931,1,5,1.1,1,0,976366
5237,119865,1,1,2.4,0,1,208501
1354,140777,1,5,1.5,1,0,1427670
3974,24236,1,4,3.2,1,0,659942
5749,88955,1,3,3.5,1,1,444566
5672,104145,2,3,2.6,0,1,1495654
2207,147430,1,5,3.9,0,1,194975
3277,95914,1,2,2.4,0,0,798503
2233,103870,2,3,2.5,1,1,1476906
5431,117243,2,5,4.0,0,1,1489954
4010,15596,2,4,1.7,0,0,1201103
702,133351,1,5,3.8,1,0,423848
3755,112496,3,3,1.1,1,1,241991
4718,131273,3,4,2.3,1,0,171952
4996,139155,2,5,1.2,1,1,408260
1266,121674,3,1,3.2,1,1,540806
4889,121307,2,4,2.8,1,0,951058
2827,149843,1,1,3.1,0,1,121015
3431,20063,3,2,2.1,1,0,177877
697,68642,1,4,2.1,0,0,1401059
2430,91093,3,1,1.1,0,0,468922
4082,36954,1,3,2.0,0,1,746088
1108,28856,3,3,3.8,1,0,999501
3772,3573,1,2,2.1,0,0,790768
1647,36367,1,4,3.5,1,1,1050601
4782,100608,3,4,3.5,1,1,466670
3897,61774,1,4,2.1,0,1,506739
3011,24752,1,2,2.9,1,1,1410883
2294,56029,1,4,1.3,0,0,686796
1159,149757,3,3,1.3,0,0,814127
3311,131282,3,1,1.1,1,0,1425339
1869,52693,1,3,2.7,0,1,1397846
2486,117739,1,3,2.3,0,1,115633
646,56961,3,1,2.6,0,0,1332302
3719,127678,3,3,2.6,1,1,1126893
3411,75532,1,2,2.1,0,1,382124
2234,82994,1,1,3.0,1,0,905547
2343,57133,1,3,3.3,1,0,786323
988,62268,2,5,1.0,0,1,1491084
3476,32653,3,3,1.6,0,1,1401224
2459,122829,2,2,3.1,1,1,798953
2885,129377,3,4,2.2,1,0,494876
3419,2622,3,3,3.0,0,0,1001109
5236,49756,3,4,2.0,0,0,1443108
2302,41809,3,5,2.2,1,0,1335945
4561,17725,3,3,1.5,1,0,783669
3869,52226,3,1,1.8,1,1,102043
762,82182,3,4,2.8,1,1,108635
1123,30402,2,5,2.3,1,1,285387
1516,5263,1,1,3.3,0,0,1204267
4143,48924,1,1,3.6,1,0,574730
5476,75182,2,1,2.6,1,0,1081891
2549,143736,2,1,3.3,0,1,1217520
5923,36737,2,3,1.9,0,0,802467
4223,102332,2,3,2.2,1,0,530796
5048,90563,3,3,3.1,1,1,976699
3608,129575,1,5,2.2,0,0,1072057
5779,102371,3,5,2.8,1,1,1162812
4590,39709,1,5,1.6,1,0,1389870
2556,22172,1,2,2.8,0,0,1497089
3670,12555,2,5,3.6,1,1,880855
2182,54276,3,3,3.6,0,1,629280
2755,58492,2,3,3.2,0,1,1086942
1654,90599,3,2,3.2,0,1,190140
4999,12046,1,2,2.7,0,1,250993
3691,117021,2,5,2.8,1,1,928349
2196,5853,2,4,1.4,0,0,1459410
4491,121900,1,2,2.3,1,0,1419955
5223,60129,1,1,2.4,1,1,285047
5182,115130,1,3,3.9,1,0,361100
2148,147922,2,1,2.3,1,1,138879
1945,144184,3,3,2.6,1,0,657848
4699,122789,2,3,2.6,0,1,1113939
4423,39890,3,2,2.9,0,0,447454
753,67017,2,2,3.2,0,0,799045
3683,133596,2,1,1.7,0,0,1017164
3057,101424,1,3,2.6,1,0,1120533
598,16048,3,1,3.5,0,0,1360844
2700,55912,2,4,2.4,1,1,554280
3461,35008,2,1,1.8,1,1,862600
5473,132132,1,5,3.0,0,1,382268
4933,84559,1,1,3.5,0,0,745392
4277,56337,3,5,1.2,0,1,1438517
3369,111616,2,5,3.3,0,0,1274399
3734,14350,3,5,3.5,1,0,629661
4291,25354,2,4,2.4,1,0,197026
1456,46186,3,1,3.9,0,1,1153846
4567,29145,1,1,3.4,1,0,1002890
660,87123,2,4,3.3,1,1,1356507
4993,21581,3,3,3.2,1,1,1188760
1800,89929,1,2,1.5,0,0,582532
5411,24051,1,1,1.7,1,0,810053
4487,52474,3,2,2.4,0,1,637167
2027,92748,2,4,1.8,0,1,1097560
5754,126995,2,3,2.2,1,1,386741
1718,70626,1,3,3.7,1,1,1031636
4996,7960,2,3,3.5,0,1,78626
5235,37408,2,4,2.9,1,1,283137
3604,95006,2,5,3.6,1,0,1009149
3235,58134,1,5,3.4,0,1,822320
5055,133413,3,2,2.3,0,1,219454
1454,91327,2,5,1.6,0,1,511442
5065,132410,1,5,2.5,0,1,1465100
3946,144326,1,3,3.2,1,0,329043
1545,12344,3,3,2.3,1,0,718198
2193,133822,2,2,3.0,0,1,537927
3936,68957,2,1,1.3,0,1,695343
1062,106423,3,2,3.2,0,1,805070
2985,59053,3,2,3.4,1,0,995947
3854,147968,1,4,3.1,0,0,882827
725,78454,1,4,3.9,1,0,1381648
5393,91600,3,2,3.5,0,0,185084
1459,123732,2,2,3.7,0,0,1089391
5048,38641,1,2,3.8,0,0,420876
3567,30711,1,5,3.4,1,1,1104649
1315,71342,2,4,3.0,1,0,548006
5254,107896,1,2,1.0,1,0,1465277
5142,144254,2,3,2.4,0,1,932692
5811,88833,2,3,2.7,1,0,862839
3620,57276,2,5,1.9,1,1,148568
516,20541,3,5,2.0,0,0,1182136
1743,95457,3,1,3.9,0,1,1039844
2705,45813,3,1,3.7,1,1,1272442
3024,140892,2,1,3.5,1,1,1274529
1569,25070,2,5,2.2,1,1,836058
3944,143194,3,5,1.0,1,1,301024
3065,81559,1,5,1.2,0,0,1304351
1560,42786,2,3,1.9,0,0,1036858
2827,138809,1,5,1.0,0,1,166288
3920,37062,1,3,1.1,1,1,546678
801,52571,2,1,3.7,1,1,960733
4776,26510,2,1,3.1,0,0,89390
1106,20426,1,1,1.9,0,1,572619
3670,38265,1,2,1.4,1,1,293547
1199,149922,3,2,2.5,1,1,626595
5588,67150,3,4,1.0,0,1,302436
1639,88312,2,4,3.8,0,0,300121
690,90613,3,4,2.2,0,1,326063
2800,75910,3,2,2.2,1,1,1148078
1480,53375,3,2,2.2,1,0,1497533
3475,122826,3,4,1.2,1,1,303300
1684,36435,1,4,2.9,1,1,178920
3827,97443,2,5,3.2,1,0,1093056
3894,135055,3,4,3.0,1,0,1468488
627,24510,1,5,1.4,0,0,1003252
2565,95071,1,3,2.7,0,1,662073
2316,7640,1,2,2.7,1,1,675338
1069,45547,3,4,3.6,0,0,622026
5942,55620,3,2,2.1,1,0,149231
2395,147389,2,2,2.1,0,0,148606
3233,116608,3,2,2.9,1,1,1427382
4363,8564,3,3,2.9,0,1,1350945
5221,114824,1,1,2.4,0,0,568896
4514,80273,2,4,2.3,1,1,231688
3401,75859,3,1,2.5,1,0,570898
2186,111017,3,1,3.6,0,1,1396902
3509,124618,1,1,2.4,0,1,1091382
654,126341,1,2,3.8,1,1,237403
3037,30430,3,5,2.5,0,1,776458
1909,28788,2,2,3.8,1,0,1149704
4557,145991,2,2,3.5,1,1,1155132
1284,70346,1,1,2.1,0,1,1382046
3675,97122,1,2,3.6,1,0,1263597
4841,40974,3,1,1.3,0,1,651250
3306,108309,1,5,3.8,0,0,592200
1037,17371,3,4,2.9,1,0,1325854
2341,46084,2,1,1.2,0,1,1359519
5516,62916,2,5,2.9,1,1,1005220
2955,74972,3,4,3.9,1,0,258683
1024,13984,1,3,1.2,1,0,1438864
3450,34039,2,1,2.7,0,0,1319868
4631,86431,1,1,3.2,1,1,607125
5280,84691,2,3,3.4,0,0,1304003
4615,59606,3,3,2.2,1,0,1301947
2868,142688,3,1,1.6,1,0,1011663
4347,103665,3,3,1.1,1,1,978112
4995,106373,2,2,2.7,0,0,847291
3201,25574,1,4,2.4,0,1,1492522
1471,135502,1,4,3.8,1,1,1108879
1666,144748,1,4,1.2,1,0,701701
5711,142888,2,2,3.1,0,1,126012
5429,33733,2,3,1.1,0,0,205193
3274,3050,2,5,1.5,0,1,1051809
2482,110996,2,3,2.4,1,1,293168
1353,34933,2,1,2.4,0,0,223178
4646,25951,1,4,3.1,1,0,133123
4236,33413,2,3,3.7,0,0,186825
4269,113573,2,5,2.9,1,1,1292309
1074,136566,1,1,3.9,1,1,845391
3761,123744,2,2,3.6,1,0,1348546
1648,90431,1,2,2.8,0,0,299866
2215,44001,1,5,3.5,0,1,1099208
5277,68364,3,1,2.9,0,1,1013624
5433,125988,3,4,1.2,1,1,1274438
4354,46028,3,3,3.2,1,0,657943
5673,132878,3,1,1.3,0,1,790003
2991,125343,2,2,2.8,1,0,253446
3160,129301,3,5,3.1,1,1,773267
3624,127295,1,5,1.2,1,1,1304719
3551,35636,2,3,1.7,0,0,371956
504,25262,3,5,3.7,1,0,911002
5722,81435,1,5,2.8,0,0,1436621
5815,129583,2,1,1.7,0,1,1183762
5369,42844,2,4,3.1,0,1,1245642
1376,65754,3,3,2.8,0,1,465508
1491,78129,2,1,2.5,0,0,111160
4642,41042,1,4,3.9,1,1,94156
4864,62665,2,1,3.1,0,0,1199784
4965,117953,1,1,2.1,0,0,548196
1135,146271,2,5,3.4,0,0,540536
5725,119533,3,4,3.7,1,1,748289
2193,74781,1,3,1.4,1,1,534822
2182,67262,2,3,1.6,1,0,1354802
5252,47600,2,4,1.6,1,1,794701
619,77898,2,5,3.1,0,0,956809
1330,31448,1,2,2.8,0,0,380007
4175,27172,1,1,2.9,1,1,812197
5677,8657,1,5,3.8,1,0,140439
1869,113855,3,4,3.3,1,0,720649
1240,8906,3,1,1.4,1,1,287986
616,62413,1,3,2.0,0,0,1320862
3338,55028,2,2,2.3,1,0,104777
1650,8287,3,3,2.2,1,0,1380003
2431,34660,1,4,3.0,1,0,495661
1512,61504,2,1,3.7,1,0,273110
2164,103979,3,4,1.9,1,0,1108981
1581,35701,2,1,2.7,1,0,1472921
5229,84300,2,5,3.4,1,1,489627
1012,149746,2,2,2.2,0,1,780937
3349,84560,2,5,1.5,0,0,353011
5715,44642,3,5,2.4,0,0,1268914
5737,66160,3,4,1.2,0,1,765568
1059,18602,3,2,3.8,0,1,634650
4172,104320,1,1,1.2,0,1,325449
5083,89801,3,1,2.3,1,1,388732
5492,26931,2,3,2.6,1,1,1292933
3843,95377,3,1,4.0,0,0,855445
5808,30192,2,4,1.5,1,1,280827
4570,47542,1,5,1.3,0,1,277918
5299,128015,2,5,1.0,1,1,1422027
1970,43520,2,5,1.5,1,0,1087671
1080,65772,2,2,1.6,1,0,417424
2794,51106,1,1,2.9,1,0,917955
3647,82121,3,4,1.7,1,0,998882
4749,26559,3,2,1.1,1,0,815045
2179,106595,1,3,3.5,0,0,1231245
4006,34742,2,4,2.1,0,1,807318
5592,70669,3,4,2.1,1,0,233998
3244,136044,1,4,1.9,0,0,697995
3856,71831,3,5,3.9,1,1,320847
4545,113217,1,4,1.5,0,0,1351120
1743,42873,2,1,3.7,1,1,1051006
5688,107532,3,4,3.3,0,1,949168
3618,127267,1,5,1.2,1,0,342614
5604,141975,3,4,4.0,0,1,1351043
2641,135092,3,3,1.8,1,1,1269601
5553,42755,3,3,1.3,0,1,1031011
3559,86956,3,5,3.5,1,1,867955
5048,87988,1,1,3.1,1,0,1341571
5823,46648,2,1,2.9,1,1,368313
3459,126991,1,2,1.5,0,0,229062
2765,141588,1,5,2.4,0,1,929032
2979,116005,1,4,3.3,0,1,1461822
5146,3396,2,5,1.9,1,1,632373
2135,85082,3,2,1.9,0,0,1220640
5908,129322,3,5,1.0,1,0,781014
2257,133663,3,5,1.5,0,0,208114
4952,12303,2,2,3.6,0,1,931566
2570,72719,3,1,2.3,0,1,566638
3349,100616,2,4,4.0,0,1,632765
3751,125165,3,2,2.2,1,1,759076
4230,87231,3,3,3.1,0,0,1463857
2989,8314,1,1,1.8,0,1,214133
2131,20623,2,3,2.1,1,0,1421091
3316,106228,1,1,1.6,1,1,840710
1515,98624,1,4,2.0,0,0,420165
1848,112785,1,4,2.6,0,0,345001
5111,87206,2,5,4.0,1,1,498327
3587,70274,2,3,3.0,1,1,1375418
3339,134541,3,1,1.6,1,0,1474298
835,54947,1,4,1.1,0,1,857409
5092,49874,3,2,1.4,0,1,419572
1395,50708,1,4,2.7,0,0,725332
4046,75553,2,2,3.3,1,0,788391
1351,69344,2,1,3.8,1,0,580350
2187,50138,2,4,1.0,1,0,412164
2431,48638,1,4,2.6,0,1,1152057
4246,79249,2,1,2.4,1,0,741627
2927,106865,1,4,3.0,0,0,979329
2068,3719,3,2,2.7,1,0,836062
4500,43534,1,4,3.1,0,1,212815
5552,93241,3,3,3.0,0,0,702763
3238,127209,1,5,1.4,1,1,779133
3998,93124,3,2,3.4,0,0,394186
5887,92659,2,3,1.4,1,0,124476
5787,76713,3,1,3.1,0,1,1120471
4413,76418,2,2,2.2,1,0,365696
1566,129232,2,5,2.5,1,0,795602
4880,145059,3,5,3.7,0,1,759308
2944,32575,1,1,3.7,1,0,1330959
4607,64852,1,1,3.5,0,0,144093
3873,133079,1,2,2.5,1,0,91535
4469,77242,1,4,3.2,1,0,403634
3046,30257,1,1,2.5,1,1,331323
1253,145353,2,4,3.6,1,0,333916
2582,62246,1,3,2.2,0,1,788895
3274,2435,2,5,3.9,1,0,1353639
3396,92357,2,4,3.8,1,1,116269
4685,137156,2,5,3.2,0,0,1204250
1275,145579,3,4,1.8,0,1,903894
2125,84807,3,3,1.4,0,0,995631
3569,116953,2,1,3.6,0,1,360291
917,139563,3,3,1.5,0,1,513744
614,124797,1,1,3.6,0,0,843460
1116,64888,1,1,2.5,1,1,165925
4474,74609,2,5,2.2,0,0,665669
3767,10077,1,3,3.7,1,0,1365906
1325,21953,2,4,2.8,0,0,1031176
2016,115682,2,3,2.7,1,0,1137307
3646,68889,1,5,2.7,1,0,1224697
912,116374,3,1,2.1,1,1,340976
1228,25860,1,5,3.4,0,0,87467
3848,78475,1,2,1.8,0,0,1164601
3308,88266,2,2,3.8,0,0,1267755
1175,101732,2,4,3.7,0,0,1120851
3965,28083,2,5,2.0,1,0,152994
3004,58372,2,4,3.2,0,0,169202
3467,124786,3,4,2.7,1,1,642769
3286,8813,3,2,2.0,1,1,519854
1622,32598,3,4,4.0,0,0,823987
4579,94106,2,2,1.1,0,1,235185
2071,28082,2,1,1.8,0,0,159363
5573,30241,2,5,2.6,1,0,400188
5604,12745,3,4,2.6,0,0,286027
2643,27029,2,2,2.8,1,0,1053534
2187,145097,1,3,3.3,0,0,348958
4632,124395,1,4,2.9,1,1,1485060
4351,146360,2,1,2.8,0,1,347168
3940,90186,1,1,1.2,0,1,970668
4266,138612,1,3,2.1,1,1,657124
2826,98768,3,2,1.7,0,0,1393155
3414,42846,2,4,1.8,0,1,1059588
5468,76932,2,2,2.7,0,0,330095
5892,149554,3,1,1.6,0,1,556632
4452,24411,1,2,1.9,0,1,1384752
1095,79797,1,1,1.7,0,1,324717
1228,53307,2,2,3.8,0,1,1156516
1865,135165,1,3,3.8,1,0,604954
4992,23042,3,5,2.8,1,1,1422842
1198,53930,3,3,3.8,0,1,1279740
895,98883,2,3,3.4,0,0,991185
4671,34756,3,5,2.8,0,0,984834
4860,54268,3,5,1.0,1,1,281717
3002,49901,2,4,3.3,1,0,1486910
2319,100986,3,4,3.1,0,0,1486188
1217,129386,3,3,2.8,1,0,101505
3282,6626,3,3,3.3,0,1,522603
5446,139496,1,1,2.5,0,0,904601
4077,13857,2,1,3.1,0,1,1327930
5986,134052,2,4,3.8,0,1,1044246
643,27431,2,4,2.1,1,1,287204
5480,85976,1,1,3.1,1,1,1374270
3640,83711,1,1,2.4,0,0,324836
4991,27385,2,2,3.0,1,1,833849
3438,19639,1,2,3.3,1,0,603168
4136,86530,2,1,1.1,0,1,511670
3722,22563,1,2,2.9,1,0,1048215
1667,116672,3,5,1.7,0,1,642827
3116,137848,3,4,3.0,0,0,315056
1562,140783,2,4,2.4,0,1,1342633
2656,83970,1,1,3.3,0,1,582800
5661,86553,1,3,1.4,1,0,1228419
5805,83879,3,1,2.9,0,1,518942
3482,137727,3,2,1.8,1,1,123784
3794,45859,1,3,3.6,0,1,188034
5229,53098,1,2,3.8,0,0,509044
1656,147323,1,5,4.0,1,1,1177938
5834,123413,1,2,3.4,0,1,128997
1232,1526,1,5,3.3,1,0,256413
4830,69760,1,5,1.6,1,0,1488119
5346,48837,2,2,2.0,0,0,875981
1453,12536,1,2,2.4,0,0,918352
3039,29541,3,5,3.3,0,0,815686
3824,80083,2,3,3.7,0,1,859752
3801,35531,1,5,1.6,0,1,232255
2042,9712,3,4,3.8,0,1,955292
5793,105101,2,5,3.1,1,0,623912
1691,66455,3,3,2.8,1,1,645993
3493,75744,1,4,1.6,0,0,921822
3181,130749,1,1,1.2,1,0,143369
1717,6109,1,1,2.7,1,1,1325469
2040,50268,1,3,3.0,0,0,1395309
3736,55615,2,5,1.6,0,0,775146
2886,83503,2,2,2.7,1,1,825046
4219,86708,3,3,3.6,0,0,722999
1888,103471,1,4,3.5,1,0,151425
2356,84309,3,4,3.8,0,1,571297
1865,127446,2,1,2.1,1,0,1093543
999,107661,1,4,2.0,1,0,186915
2180,7154,1,3,3.2,1,1,460105
1010,65288,2,4,2.3,1,1,558414
4812,52195,2,3,1.3,0,1,1228248
1824,21581,2,2,1.8,0,1,888071
1655,31087,2,1,2.3,1,0,1402925
2327,70298,2,4,1.9,1,0,393821
3641,47167,1,3,2.0,0,1,107930
3986,40499,2,5,1.9,0,0,1196889
2310,126816,1,1,1.1,1,0,824211
3423,97347,1,2,2.9,1,1,1236729
5801,49787,2,3,2.8,1,1,307911
2714,36488,2,2,3.0,1,0,1219634
4686,75441,1,2,1.6,1,1,162876
1213,23431,2,4,1.9,0,1,684654
4102,62681,2,4,2.9,1,1,612691
4634,123720,2,3,2.8,0,0,1465772
4022,50153,3,5,2.5,0,1,847838
4768,7368,1,3,2.1,0,0,336420
5248,113360,3,5,3.7,1,0,552843
5349,113755,2,2,2.0,0,0,410639
1743,57985,3,1,2.4,0,1,238004
4209,51069,2,3,3.0,0,1,433234
1581,53326,3,3,2.6,0,1,1422421
955,109737,2,5,2.0,1,1,471601
5424,51861,3,2,2.3,1,1,656529
1394,76897,3,2,3.4,0,0,740727
1884,128118,3,5,1.8,0,0,140030
2458,69577,1,2,1.4,1,0,1287980
3572,10078,3,4,1.9,1,1,1077682
2496,63768,1,1,3.5,1,0,1330973
4785,52047,2,3,1.3,0,0,554702
1004,72626,3,1,4.0,1,1,180185
1714,58660,2,3,2.6,0,1,1159980
2031,133997,2,4,4.0,0,0,130182
3940,118832,3,2,3.8,1,0,1418711
1323,131406,1,5,2.4,0,1,778023
1428,126150,3,4,1.6,1,1,927318
5529,34320,2,1,1.5,0,1,420992
5736,65881,2,5,1.7,1,1,1016631
633,91827,3,2,3.1,0,0,919124
2605,103215,1,4,1.8,0,0,1349037
4127,135461,1,5,2.0,1,1,895217
5280,145701,2,4,2.3,1,0,683434
2352,62550,2,4,3.7,1,0,1081630
5410,25826,1,2,1.6,1,1,563195
5768,101734,3,3,1.0,0,0,647285
4675,99511,2,5,1.2,1,0,219375
3433,12653,1,2,3.7,1,0,1457463
3784,82941,2,4,2.9,0,1,110187
4798,34662,3,2,1.8,1,1,1064280
3311,99818,1,3,1.5,1,0,732253
5848,96081,2,5,1.9,0,1,1161666
1750,37877,3,3,1.3,1,1,1057426
4012,112562,2,1,3.8,1,1,852766
1756,147385,3,5,3.4,1,0,1441750
3876,73715,3,3,2.4,1,0,616797
5762,142398,1,4,3.6,1,1,143653
3986,111091,3,5,1.7,1,0,767289
4084,133632,2,5,3.2,0,0,341186
1896,80148,3,2,3.6,1,0,1317222
4137,84186,3,4,2.1,0,0,1422921
3830,124629,1,1,3.3,0,0,362166
3203,71316,3,3,1.9,0,1,627226
970,29380,3,2,1.9,0,0,1298326
5631,111198,2,3,1.3,1,0,979603
1853,3356,1,1,2.3,1,0,335710
3283,71326,1,1,3.2,1,1,1355896
3331,93447,1,5,3.8,0,1,923152
5563,115994,3,1,2.8,1,1,1491234
857,21049,1,3,3.6,1,0,787165
3519,106361,3,4,3.5,1,1,1200054
1167,17082,3,4,1.5,0,1,1013193
4968,1661,2,5,2.5,0,1,1250677
5627,3920,2,3,1.4,1,1,1480419
1645,80561,2,3,3.0,0,0,1484993
5967,9946,2,1,3.8,0,1,663033
4685,17309,2,3,1.4,1,1,1119385
4219,56230,3,2,3.2,0,0,1255859
3245,112822,3,1,2.9,0,0,468445
1039,113340,1,2,2.8,1,1,516758
3279,60321,3,5,2.2,0,0,1225065
5464,133028,3,4,2.1,0,1,631107
4636,75131,2,5,1.1,0,0,122779
5335,26963,3,4,1.7,0,0,1477964
4275,102757,2,5,1.0,0,1,664872
5820,100259,1,3,2.7,0,0,1372391
5524,40063,1,2,1.3,0,1,919464
3008,115225,3,4,3.6,0,0,452218
3279,117400,1,1,2.6,1,1,1484993
1424,81818,3,2,3.1,1,0,889468
3456,5703,1,1,2.2,1,0,1378533
2081,73099,2,2,2.7,1,0,220364
3824,32585,2,2,3.8,0,0,602340
4985,44585,2,5,1.2,1,0,1430097
755,27958,2,4,1.8,1,1,1322486
5304,27017,3,4,3.3,0,0,404963
2338,125677,1,2,1.3,0,1,1100607
2444,144273,3,3,1.2,0,1,1270268
509,30426,2,3,2.1,0,1,1154037
3371,18778,3,1,1.3,0,0,1090930
1297,43229,1,1,2.8,1,1,1133048
5472,87652,3,5,1.7,0,0,930695
5624,129267,1,2,3.7,1,1,187036
1515,127503,3,1,3.4,1,1,263674
2324,85878,1,1,3.1,0,1,362667
4969,58056,1,2,2.9,1,1,964694
3636,20975,2,5,3.6,1,1,665348
2693,143633,1,1,1.7,0,0,1394799
723,89397,2,5,3.6,1,1,738759
5858,34142,2,4,3.4,1,1,1446446
5448,27916,2,5,3.2,1,0,1478626
4658,65324,3,3,2.7,0,0,1402252
5836,126932,3,3,1.7,0,0,984121
4425,136720,3,5,2.3,0,1,118162
5284,97059,3,3,3.4,1,1,348497
4500,99317,1,4,1.1,0,1,187313
2133,36046,1,2,3.3,1,1,103477
2652,102459,3,3,1.7,0,1,161373
1010,46893,1,3,1.4,1,1,768464
884,102520,1,5,1.3,0,0,793730
904,126818,2,4,1.1,0,0,143359
5113,62272,2,2,2.6,1,1,1267564
5071,68649,2,5,1.7,0,1,1249726
2500,65674,2,5,4.0,1,1,548919
3256,145832,1,4,2.7,0,1,1433356
2168,87475,3,2,1.4,0,1,891117
1960,62367,1,4,3.1,1,0,912566
4136,144660,1,2,3.7,1,0,426060
3224,122750,1,4,3.2,1,1,1231543
5309,119154,2,5,1.2,0,0,169455
4678,45738,2,5,3.7,1,1,1298981
5764,34397,2,1,3.4,0,1,314646
2548,83189,3,3,1.5,1,1,264937
4646,77367,1,4,1.2,1,0,547312
5280,121585,3,1,2.7,1,0,911188
1216,77619,2,3,1.5,1,1,460007
5044,112453,3,4,3.5,1,0,136192
5476,20816,1,2,2.1,1,0,266758
5083,138348,1,3,3.7,0,1,910165
2323,80530,2,5,2.7,1,0,1358737
2581,109856,2,1,1.5,0,0,887425
3919,72635,3,3,1.4,1,1,361287
2074,108803,2,3,2.7,1,1,1122635
749,36946,2,5,3.3,1,0,790637
1173,56204,1,4,3.3,0,1,1230620
5033,16563,2,2,1.8,0,0,256062
2665,93324,2,5,1.6,1,1,531104
1270,10847,1,2,1.1,0,1,144351
4462,27155,1,4,3.0,1,1,309085
4863,80671,3,3,1.2,1,1,833171
2484,117891,2,2,2.3,0,0,573095
1577,84310,1,1,2.8,0,1,145309
735,132691,3,1,3.8,0,1,1004950
888,35707,3,5,1.9,0,1,761093
3537,82537,2,4,1.7,1,0,1242732
5358,92155,2,5,3.0,0,0,413144
2348,1281,3,5,2.9,0,1,96576
5219,133130,1,5,2.0,1,1,741110
3314,77260,3,1,3.8,0,1,702290
3874,141272,2,1,3.5,0,1,1308111
3778,65178,1,5,1.7,0,1,1150148
1752,34997,1,1,1.7,0,1,1110865
4481,120273,3,4,2.5,1,0,1403668
5173,133311,2,5,3.3,1,1,715816
2622,127945,3,1,1.1,0,1,769186
5030,46272,3,2,3.1,0,1,164051
2650,90393,3,5,2.9,1,1,889299
5359,62212,1,5,1.7,0,1,1314879
1829,147470,1,4,3.0,0,1,278305
1858,121030,2,3,3.8,0,0,1430398
2982,57503,2,3,1.1,0,0,532576
5042,138710,3,4,2.0,0,0,648722
2517,7570,3,4,2.3,0,0,141617
1831,69785,3,4,3.7,0,0,716857
4844,10110,2,3,3.9,0,0,941164
4761,80141,1,4,2.3,0,1,585874
1858,13115,1,1,3.3,1,1,1493368
5615,40062,3,5,2.6,1,1,1205070
5137,23911,3,5,2.6,1,1,676513
5354,105061,3,2,1.8,0,1,157867
3677,33556,3,2,1.7,0,1,243600
2628,129335,2,5,1.9,1,0,854957
2680,2969,1,1,2.7,0,1,957693
5392,44753,3,3,1.1,1,0,690036
637,136542,2,3,3.7,0,0,329265
3972,122863,3,1,1.5,1,1,594493
5949,11225,3,3,1.7,1,1,239404
3332,124008,1,4,2.6,1,1,985913
4079,106823,3,5,3.1,0,1,728817
3531,14669,1,5,1.3,1,1,1071433
4664,125398,1,1,2.0,0,1,559353
3093,111677,1,3,3.9,0,1,339395
4800,49320,2,2,1.8,0,0,757387
4318,147649,2,2,1.9,0,1,1220958
4638,126354,1,3,3.5,0,1,554767
4323,89009,3,2,1.2,0,0,84583
4542,29625,1,1,2.4,0,1,649675
2406,25089,3,1,2.1,1,1,1408824
1260,37487,1,3,1.9,1,0,611512
3945,111448,3,2,1.9,1,1,922056
1399,51138,2,1,1.3,0,1,1351020
4955,55061,3,1,1.9,0,1,1021803
3447,102376,1,4,1.1,0,1,1464292
2219,80134,2,4,3.3,0,1,946901
780,48055,3,1,2.2,1,1,1389861
3766,20508,3,3,2.3,0,0,753710
2387,111169,3,5,3.7,1,1,543298
3766,9125,3,5,3.0,0,1,211149
1166,37059,3,1,1.0,1,0,645303
4688,104409,2,1,3.8,0,0,1063651
1171,149159,2,1,1.7,1,1,1051684
2469,6704,2,3,1.3,0,0,1295505
4656,112279,2,4,3.3,1,1,831556
3622,119516,1,1,2.5,0,1,1314488
5624,115044,2,1,2.3,1,0,921334
5199,30165,3,2,1.7,1,1,1129153
5277,68203,3,3,2.6,0,1,881434
4400,5114,2,1,1.8,1,0,125711
1023,37321,3,2,3.7,0,0,638739
2893,74297,2,5,1.6,0,0,568027
3617,97652,3,1,3.7,0,0,779463
3093,100304,1,1,2.7,1,1,496863
2468,18772,1,2,3.5,1,0,634119
5697,104754,2,3,3.1,0,0,1372978
2253,4712,2,1,3.1,0,0,319942
2796,133439,2,5,2.0,1,0,170119
5740,116142,3,1,1.7,1,0,928262
2761,92736,2,5,1.6,1,1,1466352
2786,52924,1,4,3.6,0,0,898265
5675,4726,3,4,3.5,0,1,823224
4702,90152,2,5,2.3,0,0,1117137
3378,28723,3,3,1.4,0,0,125755
4643,127969,3,1,2.1,0,0,1010210
4144,101494,2,1,2.9,1,0,1276988
4932,141180,3,4,2.4,0,0,926426
5645,36643,1,5,3.3,1,0,945793
5876,104896,1,1,4.0,1,0,1177801
2555,140999,3,1,1.6,0,0,264921
5220,94680,2,3,2.4,1,1,315617
1776,97546,3,2,2.3,0,0,1232297
3266,80973,1,4,1.9,1,1,680398
802,64449,3,4,1.6,0,0,188606
1138,110834,3,2,1.2,0,1,1300766
555,26537,1,1,3.7,1,0,1152506
5321,78576,3,3,2.3,0,0,816067
1025,108522,3,3,2.5,1,0,335102
5069,23612,2,4,3.8,0,1,1486120
4623,7471,2,3,3.3,0,1,1397521
2625,32348,1,2,1.4,0,1,222631
3787,2177,1,1,2.7,1,1,1418054
864,136832,1,2,2.3,1,0,311545
5121,33779,2,5,3.4,0,0,1136864
5931,22636,1,4,3.2,1,0,1330878
5478,82889,1,3,3.1,0,1,355195
5626,54551,1,5,2.0,1,0,1185291
5622,143628,2,3,3.4,1,1,1134313
2146,143635,3,1,1.2,0,1,1305623
1418,47819,1,1,1.5,0,1,342291
3297,74770,3,1,2.0,0,1,1437944
2031,79714,1,3,1.2,0,1,1405363
3845,25596,3,5,1.7,0,0,1424687
2406,65106,2,1,3.5,1,1,1091354
3586,60182,2,5,3.8,1,1,178535
5811,88163,1,3,1.9,0,0,1122861
5080,40310,3,5,1.8,0,1,1076507
2575,57088,2,3,1.8,0,1,1420528
1213,129803,1,3,1.8,1,0,797648
1562,140978,1,4,1.1,0,0,658247
2476,37914,2,3,3.8,0,0,470065
1796,111350,2,3,1.6,1,1,405322
5850,46379,1,2,2.3,1,0,797496
625,47413,3,1,1.0,1,0,1315388
5132,138084,3,4,3.6,1,0,1235831
4096,8151,3,4,3.2,0,1,685610
3783,58716,1,4,3.8,1,0,1012687
2103,94747,2,2,3.3,1,1,1124708
566,145539,1,3,1.9,0,1,826972
732,122999,2,1,1.7,0,0,334427
2656,115793,3,5,3.1,0,1,217003
1669,109177,3,3,2.1,1,1,857516
2658,13289,2,2,2.7,0,0,335529
4706,87365,2,3,1.0,1,1,518855
1993,115014,1,3,1.2,1,0,328608
5218,73588,3,2,2.6,1,1,833673
4507,64646,1,4,2.7,0,1,789261
2972,4654,1,4,3.3,1,0,252763
3160,19743,1,1,1.4,0,0,306807
3239,49368,3,1,2.5,0,1,99363
5901,138513,1,4,1.6,0,1,1432414
2261,120735,1,5,1.3,1,0,469798
4014,120891,1,3,2.2,1,1,1059348
2475,108971,1,5,1.5,1,1,1460049
2862,13149,1,3,1.7,0,1,76620
1376,101102,1,4,2.0,1,1,1447944
4312,60189,3,1,1.8,1,0,1218995
3948,72031,1,1,1.3,1,0,767894
1812,43668,2,5,1.3,1,0,255324
1960,145745,1,1,1.6,1,0,1441529
3209,89204,1,4,1.2,0,0,95655
2824,141507,3,5,2.9,0,0,1024133
2233,38384,3,3,1.9,0,1,525400
2105,82929,2,1,1.8,0,0,1145178
3063,128959,2,2,2.0,1,1,947377
3921,77153,3,1,3.0,0,1,741470
4017,76388,3,3,3.6,1,1,1466538
2897,32401,1,5,3.3,0,0,1002699
4235,120503,3,3,3.2,0,1,600825
3370,128834,2,2,2.5,0,0,485354
1660,35084,1,4,3.1,1,1,776562
5354,111641,2,1,2.7,1,1,246236
742,106111,1,5,1.6,0,0,987977
3090,139299,3,4,1.6,1,1,164743
1563,37041,2,3,1.9,0,1,522875
4824,89920,1,5,3.7,0,1,1209731
3095,66681,1,4,2.6,0,1,1213422
1419,82571,3,5,3.2,1,0,833795
5842,128556,3,2,2.0,0,1,1416282
505,27160,3,2,2.2,0,1,889468
967,18633,2,1,1.4,0,0,935665
4670,18014,1,1,1.5,1,1,682337
503,81532,3,2,3.5,0,1,314647
1145,50104,2,5,2.8,1,1,1454401
617,78231,2,2,2.0,0,1,364962
3428,69388,2,1,3.4,1,0,923964
3051,17014,3,2,1.7,0,1,1071140
5542,93578,3,2,3.9,0,0,394849
4789,41390,1,5,2.0,1,1,619392
1346,24711,1,4,2.0,1,1,461480
3262,92658,3,1,1.9,0,1,920457
1641,58993,2,5,1.4,1,0,499632
2310,8421,2,2,1.3,0,1,1296660
1223,18727,2,2,2.9,0,1,1433990
724,113418,1,4,3.6,0,0,1326717
5127,5358,2,1,3.4,1,0,718703
4708,66108,1,1,1.4,0,0,1318292
5154,95018,1,3,2.6,1,0,1455188
2548,125457,2,1,1.3,0,1,1105403
5249,32910,2,4,1.1,1,1,1314121
4915,127888,3,3,3.0,1,1,1038313
2073,56754,3,3,2.6,0,1,506544
2328,110847,2,2,1.2,1,0,1147299
2417,39467,1,2,1.1,0,1,922078
4734,149697,1,1,4.0,0,1,796615
2526,34893,1,3,1.1,0,1,1412218
4244,77329,1,2,2.3,0,1,645217
1401,32007,1,4,2.5,0,0,198199
5285,55253,3,2,1.4,1,1,1355101
2539,13323,2,2,1.5,0,1,1411748
509,112335,3,3,2.1,1,1,104545
760,113356,1,3,3.3,1,0,106673
2173,111944,1,5,2.5,0,0,499190
2719,146282,1,4,2.9,1,1,527115
2560,17456,1,3,4.0,0,1,963943
5787,32367,2,1,3.3,1,1,1478864
4213,55624,1,4,2.3,1,0,1450544
2119,142178,2,4,2.3,1,1,98525
820,69008,1,3,2.9,0,1,657092
1842,126926,2,4,3.0,1,1,221115
2876,116395,3,3,2.5,0,0,641134
3332,117492,1,2,2.9,1,1,1200837
3324,73240,2,5,1.1,1,1,832600
2494,65315,3,2,2.3,1,0,575827
3458,11756,1,3,1.8,1,0,1307676
2538,37378,1,3,1.4,0,1,82265
3990,136327,1,2,1.3,0,0,884195
4177,146556,2,1,2.8,1,1,1330300
1618,126703,2,1,2.6,1,0,90733
2104,57549,3,1,1.8,0,0,973628
4527,74794,2,3,2.4,0,1,374564
735,46113,2,4,2.5,0,1,1101281
2469,75069,1,3,1.6,0,1,739607
4929,137321,1,4,3.0,1,0,533365
2408,126541,1,2,3.3,1,1,1144634
875,10686,1,5,3.4,0,1,321301
4030,54363,1,4,2.8,0,1,1420649
5756,98543,1,1,2.5,0,1,1076675
3135,132733,1,3,1.2,0,1,237434
2070,96673,3,2,1.9,0,0,685777
3060,43828,3,1,1.3,0,1,152597
5915,49604,3,2,3.9,1,1,1120384
3891,11526,3,5,1.4,1,0,153209
3465,69910,1,3,1.5,1,1,1316517
4143,26592,3,3,3.7,0,1,699152
5968,29982,1,5,3.8,0,1,223620
4350,1207,3,3,3.3,0,1,241562
1372,89733,2,4,1.0,1,1,282158
1752,125982,3,2,1.0,0,0,714446
1814,69619,3,1,2.1,0,0,1051264
5320,47479,1,5,1.4,1,0,1125044
3398,142826,3,4,1.1,0,1,361453
577,82437,2,1,2.4,1,0,1082787
3121,99540,1,1,3.8,1,1,1195831
4727,73982,1,5,2.0,0,1,943331
1100,103747,3,4,3.0,1,1,300409
1565,49231,1,1,3.0,0,0,314967
2636,30301,1,1,1.8,1,0,768201
2949,19752,1,4,3.0,0,0,1066052
2843,99452,1,3,1.6,1,1,813925
2363,145467,1,1,1.4,0,0,1039164
1818,122237,1,2,3.1,1,1,443697
5211,57273,2,4,1.3,1,0,911713
4097,92878,3,1,4.0,1,0,450595
4262,5895,2,5,1.6,0,1,1370689
5642,120968,1,2,2.8,0,1,657314
5170,116700,1,1,2.2,1,0,483548
2690,77559,3,2,1.4,0,0,220693
1492,11699,2,2,1.1,1,0,985789
3212,10715,3,3,2.9,0,1,960621
2692,20169,2,2,3.4,1,1,639790
1748,119413,1,3,3.5,0,0,373818
3554,148235,3,4,2.4,1,0,636548
5098,120264,3,3,3.3,1,1,1035002
