sqft_living,sqft_lot,floors,bedrooms,bathrooms,waterfront,view
-0.04464716163129255,-1.3251390307941804,2,0.00847288613561874,-0.4681319745746198,1.0304638130973318,0.9607689228305228
-1.3373851414617763,-0.545700414838631,2,-0.6976009584992757,1.5139959376964975,-0.9704367948586523,0.9607689228305228
-0.3993657554035006,1.5699186856121465,1,-1.4036748031341704,-0.9345150127560594,-0.9704367948586523,-1.0408329997330665
-0.12852466304674248,1.43442218962973,3,0.7145467307705132,0.5812298613336189,-0.9704367948586523,-1.0408329997330665
-0.4429052217870929,-1.0366029315707772,1,-0.6976009584992757,-1.284302291392139,-0.9704367948586523,0.9607689228305228
-0.6445953969463809,1.1760302546810666,1,-1.4036748031341704,-1.6340895700282183,1.0304638130973318,-1.0408329997330665
1.2340045202515586,-0.03631790928537374,1,0.7145467307705132,-0.3515362150292598,-0.9704367948586523,0.9607689228305228
-0.6445953969463809,-1.5970220602434269,2,-0.6976009584992757,-1.4008980509374986,-0.9704367948586523,0.9607689228305228
-0.02735943233192501,-1.7372263860776092,2,1.4206205754054078,1.6305916972418575,1.0304638130973318,-1.0408329997330665
1.6386654431108283,0.6626191584088854,1,-1.4036748031341704,1.7471874567872174,1.0304638130973318,-1.0408329997330665
-1.1497812642501213,1.177646375376449,1,0.7145467307705132,-1.051110772301419,1.0304638130973318,0.9607689228305228
0.2178702092109553,-1.1446019536926306,2,0.7145467307705132,0.5812298613336189,1.0304638130973318,0.9607689228305228
1.2372059516032932,-1.0234397456170834,2,0.7145467307705132,-1.6340895700282183,1.0304638130973318,0.9607689228305228
-0.98650826531165,0.4904671712920728,3,-0.6976009584992757,-0.23494045548390038,-0.9704367948586523,-1.0408329997330665
0.009136885077850907,0.3944602331707374,1,1.4206205754054078,1.5139959376964975,-0.9704367948586523,0.9607689228305228
0.3267188751699361,0.48805470126853107,2,1.4206205754054078,0.8144213804243388,1.0304638130973318,-1.0408329997330665
0.8760844951276157,-1.388846977046933,2,0.00847288613561874,-1.284302291392139,1.0304638130973318,0.9607689228305228
0.2261939307254656,-1.5001953507548687,2,1.4206205754054078,1.280804418605778,1.0304638130973318,0.9607689228305228
0.8664802010724115,-1.372334439507157,1,-1.4036748031341704,-1.167706531846779,1.0304638130973318,0.9607689228305228
-1.5448378930541868,1.1760770987591935,2,0.7145467307705132,-1.6340895700282183,-0.9704367948586523,-1.0408329997330665
1.240407382955028,0.7328852755994211,1,-0.6976009584992757,-1.7506853295735783,1.0304638130973318,-1.0408329997330665
-0.4172937709732151,0.39157932236592546,2,1.4206205754054078,-1.051110772301419,1.0304638130973318,0.9607689228305228
-0.9621773870384661,-0.16364011363462452,3,-1.4036748031341704,-0.4681319745746198,-0.9704367948586523,-1.0408329997330665
-1.649204555120739,0.0018131703100236589,2,1.4206205754054078,1.280804418605778,1.0304638130973318,-1.0408329997330665
-1.0607814726718958,-0.9725202326930086,1,0.7145467307705132,0.6978256208789788,1.0304638130973318,0.9607689228305228
1.5426225025587865,1.393246244956076,1,-0.6976009584992757,1.280804418605778,1.0304638130973318,-1.0408329997330665
-1.3444282904355929,1.2362248950742922,3,0.00847288613561874,0.3480383422428989,1.0304638130973318,-1.0408329997330665
-1.3015291103223474,-0.14661229123545136,1,-1.4036748031341704,-0.4681319745746198,-0.9704367948586523,0.9607689228305228
1.6168957099190322,1.2167846026515774,3,-0.6976009584992757,-0.5847277341199798,-0.9704367948586523,0.9607689228305228
-0.9295227872507719,1.3715808588223275,1,0.00847288613561874,1.5139959376964975,1.0304638130973318,-1.0408329997330665
-0.7239908944694022,0.8059854595166418,3,-1.4036748031341704,1.280804418605778,-0.9704367948586523,0.9607689228305228
-1.1683495660901826,-1.5202446161932348,2,-0.6976009584992757,-1.6340895700282183,1.0304638130973318,-1.0408329997330665
-0.050409738064415066,1.1852351160330268,1,1.4206205754054078,-1.284302291392139,1.0304638130973318,0.9607689228305228
1.5855216826720318,0.6674206764169053,2,1.4206205754054078,0.6978256208789788,1.0304638130973318,-1.0408329997330665
-0.05297088314580285,-0.6888090735166887,2,0.00847288613561874,-0.3515362150292598,1.0304638130973318,-1.0408329997330665
-0.6471565420277687,-1.0151249217495368,1,-1.4036748031341704,-0.8179192532106994,1.0304638130973318,0.9607689228305228
0.06548207686838214,-1.7328464647727324,3,0.00847288613561874,0.5812298613336189,-0.9704367948586523,-1.0408329997330665
1.5618310906691948,0.5138189442383941,1,-1.4036748031341704,-0.001748936393180464,-0.9704367948586523,0.9607689228305228
0.42084095691093715,-1.2266025124539859,1,0.7145467307705132,0.8144213804243388,1.0304638130973318,-1.0408329997330665
-1.7221971899402908,-1.2201848737505836,1,1.4206205754054078,-1.284302291392139,-0.9704367948586523,-1.0408329997330665
1.5202124830966433,-1.506121126637937,2,-0.6976009584992757,1.1642086590604181,1.0304638130973318,0.9607689228305228
-1.3130542631885924,1.0555941298164884,3,-1.4036748031341704,0.8144213804243388,1.0304638130973318,0.9607689228305228
0.41507838047781465,-1.1364979281766554,2,1.4206205754054078,-0.5847277341199798,1.0304638130973318,-1.0408329997330665
-0.5427898799612165,-1.6372377013154769,2,0.00847288613561874,-1.4008980509374986,-0.9704367948586523,-1.0408329997330665
1.16869532067617,1.5844637718705874,2,0.00847288613561874,-0.11834469593854043,-0.9704367948586523,0.9607689228305228
0.18393503688256715,-0.18924040233104306,1,0.00847288613561874,-0.11834469593854043,-0.9704367948586523,-1.0408329997330665
-1.4321475094731244,-0.25374469791195486,2,-0.6976009584992757,-1.051110772301419,1.0304638130973318,-1.0408329997330665
0.3363231692251403,-1.1236392287307875,3,0.7145467307705132,1.1642086590604181,-0.9704367948586523,0.9607689228305228
-1.1145655193810393,-1.2528351962051192,3,-1.4036748031341704,-0.8179192532106994,1.0304638130973318,-1.0408329997330665
1.228241943818436,-0.9180874139094068,2,0.7145467307705132,0.46463410178825887,1.0304638130973318,0.9607689228305228
-1.5877370731674323,-0.961371342098777,2,0.7145467307705132,-0.23494045548390038,-0.9704367948586523,-1.0408329997330665
1.488838455849643,1.039058170237649,1,-0.6976009584992757,0.3480383422428989,-0.9704367948586523,0.9607689228305228
1.0489617881212911,-0.504618158321231,3,-1.4036748031341704,-0.7013234936653397,-0.9704367948586523,0.9607689228305228
0.58795567347149,1.0281669220731158,3,0.00847288613561874,0.8144213804243388,-0.9704367948586523,0.9607689228305228
-1.3969317646040424,1.631706024661691,2,1.4206205754054078,1.0476128995150582,-0.9704367948586523,-1.0408329997330665
-1.3559534433018379,1.717219889282573,3,-0.6976009584992757,-0.001748936393180464,1.0304638130973318,0.9607689228305228
0.8082141504708394,0.4098953569135918,2,-0.6976009584992757,-1.6340895700282183,-0.9704367948586523,0.9607689228305228
-0.03504286757608836,0.3759802443496265,3,-1.4036748031341704,-0.7013234936653397,-0.9704367948586523,0.9607689228305228
0.8908110793455954,-0.24587489278661487,1,-1.4036748031341704,-1.284302291392139,-0.9704367948586523,-1.0408329997330665
0.1762516016384038,-0.8068561503967888,1,0.7145467307705132,-0.23494045548390038,-0.9704367948586523,-1.0408329997330665
-1.6440822649579636,-0.9289083959567493,2,1.4206205754054078,0.9310171399696981,1.0304638130973318,-1.0408329997330665
-0.9404076538466699,0.8473956245809309,1,0.7145467307705132,0.11484682315217949,-0.9704367948586523,-1.0408329997330665
-0.5056532762810936,-1.4611039675578672,2,-1.4036748031341704,1.397400178151138,-0.9704367948586523,0.9607689228305228
-1.7407654917803523,-1.4183821683060214,3,-1.4036748031341704,1.1642086590604181,-0.9704367948586523,-1.0408329997330665
-0.23161075257260078,-0.03826193852764523,3,0.7145467307705132,1.6305916972418575,1.0304638130973318,-1.0408329997330665
-0.4217757748656437,-1.4830035740822507,2,-0.6976009584992757,0.23144258269753945,-0.9704367948586523,-1.0408329997330665
-1.3738814588715522,1.6993488734771134,2,-1.4036748031341704,-0.9345150127560594,1.0304638130973318,0.9607689228305228
-0.7054225926293408,-0.7636659103636728,1,1.4206205754054078,1.1642086590604181,-0.9704367948586523,0.9607689228305228
-0.6177033735918092,-0.32921050777459027,2,0.7145467307705132,1.397400178151138,1.0304638130973318,-1.0408329997330665
1.2551339671730077,-0.19303477265933197,3,-1.4036748031341704,0.46463410178825887,-0.9704367948586523,0.9607689228305228
0.3561720436058956,1.3227224853358417,1,-0.6976009584992757,-0.001748936393180464,1.0304638130973318,-1.0408329997330665
-0.08114347904106847,0.6625254702526313,3,-0.6976009584992757,1.0476128995150582,-0.9704367948586523,-1.0408329997330665
-1.1228892408955495,-0.9266833022457157,2,0.00847288613561874,-0.7013234936653397,-0.9704367948586523,0.9607689228305228
-0.72655203955079,-0.5230044589860878,3,0.00847288613561874,1.280804418605778,-0.9704367948586523,0.9607689228305228
-0.4313800689208479,-1.161184757349597,2,-0.6976009584992757,0.3480383422428989,1.0304638130973318,-1.0408329997330665
0.40163236880052877,-1.1965520363355,1,1.4206205754054078,0.5812298613336189,1.0304638130973318,-1.0408329997330665
-0.025438573520884175,0.45224240354042133,1,-0.6976009584992757,-0.11834469593854043,-0.9704367948586523,-1.0408329997330665
0.8434298953399215,1.1035156217404336,2,0.00847288613561874,0.3480383422428989,-0.9704367948586523,-1.0408329997330665
-1.152982695601856,1.6204400238721417,2,1.4206205754054078,1.5139959376964975,1.0304638130973318,-1.0408329997330665
0.6443008652620212,0.29051322380687156,3,-0.6976009584992757,-1.5174938104828586,-0.9704367948586523,-1.0408329997330665
-1.484010697371227,0.7273810964194958,1,0.7145467307705132,-0.5847277341199798,1.0304638130973318,-1.0408329997330665
0.8780053539386565,0.6512126253849551,2,-1.4036748031341704,1.5139959376964975,-0.9704367948586523,-1.0408329997330665
0.529049336599571,-0.6483592120540036,1,-1.4036748031341704,1.280804418605778,1.0304638130973318,-1.0408329997330665
-1.1926804443633667,0.3448055103560922,2,1.4206205754054078,-1.051110772301419,-0.9704367948586523,0.9607689228305228
-1.4142194939034098,-1.118392691980561,3,0.00847288613561874,1.5139959376964975,1.0304638130973318,-1.0408329997330665
1.27562312782411,0.9965705913764383,2,1.4206205754054078,-1.5174938104828586,-0.9704367948586523,-1.0408329997330665
0.08533095124913748,-0.9969962635143785,2,-1.4036748031341704,0.23144258269753945,-0.9704367948586523,-1.0408329997330665
0.09109352768225999,1.1801291115171813,1,-0.6976009584992757,-1.167706531846779,-0.9704367948586523,-1.0408329997330665
-1.4910538463450433,-0.33581552279050064,2,1.4206205754054078,-1.7506853295735783,-0.9704367948586523,0.9607689228305228
0.09045324141191304,-1.5189095599666145,1,0.00847288613561874,-0.8179192532106994,1.0304638130973318,-1.0408329997330665
-0.2821933679300095,0.9319491856002089,3,0.00847288613561874,-0.001748936393180464,-0.9704367948586523,-1.0408329997330665
-1.377082890223287,-0.9262617055425726,3,-1.4036748031341704,-1.7506853295735783,1.0304638130973318,-1.0408329997330665
-1.5365141715396766,1.474590986623653,3,0.00847288613561874,-1.167706531846779,-0.9704367948586523,0.9607689228305228
-1.153622981872203,0.5157161294025386,1,0.7145467307705132,-0.5847277341199798,-0.9704367948586523,-1.0408329997330665
0.8312644562033294,-0.39816499077756934,3,0.00847288613561874,-0.3515362150292598,1.0304638130973318,-1.0408329997330665
0.014259175240626474,1.3569655064466961,3,-1.4036748031341704,-1.051110772301419,1.0304638130973318,-1.0408329997330665
-0.49796984103693026,-1.4822072247540914,2,-0.6976009584992757,-1.167706531846779,-0.9704367948586523,0.9607689228305228
1.2692202651206406,1.2041132795182174,2,1.4206205754054078,-1.7506853295735783,1.0304638130973318,0.9607689228305228
1.6117734197562565,0.492809375198424,3,0.7145467307705132,-0.9345150127560594,-0.9704367948586523,-1.0408329997330665
-0.4986101273072772,1.0630657602777487,1,0.00847288613561874,-0.001748936393180464,-0.9704367948586523,0.9607689228305228
0.9881345924383312,-0.5231918352985959,3,1.4206205754054078,-1.7506853295735783,1.0304638130973318,0.9607689228305228
-1.0076377122330993,-0.7900859704273142,2,-1.4036748031341704,1.397400178151138,1.0304638130973318,0.9607689228305228
0.43620782739926384,0.3868949145532231,3,-0.6976009584992757,1.0476128995150582,-0.9704367948586523,-1.0408329997330665
0.5476176384396324,0.6491280639083025,1,-1.4036748031341704,-1.5174938104828586,-0.9704367948586523,0.9607689228305228
0.8626384834503299,1.1428178032890066,1,-1.4036748031341704,-0.5847277341199798,-0.9704367948586523,0.9607689228305228
-0.5267827232025428,-0.2644485697639798,3,-0.6976009584992757,-0.23494045548390038,1.0304638130973318,-1.0408329997330665
-0.48132239800790966,0.4324976246098808,1,0.00847288613561874,0.23144258269753945,-0.9704367948586523,0.9607689228305228
-1.0409325982911404,-0.23774744523157623,3,0.00847288613561874,0.3480383422428989,1.0304638130973318,0.9607689228305228
1.2602562573357832,-0.5001211268210367,3,-0.6976009584992757,-1.284302291392139,1.0304638130973318,0.9607689228305228
-1.3348239963803887,-1.7585170195863415,1,1.4206205754054078,0.9310171399696981,1.0304638130973318,-1.0408329997330665
0.20762562888540415,-0.6895117346885941,1,0.00847288613561874,-0.5847277341199798,-0.9704367948586523,0.9607689228305228
0.06228064551664742,-0.7907183654820291,2,0.7145467307705132,-0.8179192532106994,-0.9704367948586523,0.9607689228305228
0.268452824568364,-0.4916423486800454,2,1.4206205754054078,-1.051110772301419,-0.9704367948586523,-1.0408329997330665
-1.5576436184611258,0.606968393593981,1,1.4206205754054078,-1.4008980509374986,-0.9704367948586523,-1.0408329997330665
1.6047302707824402,-0.7016677729625568,2,-1.4036748031341704,0.46463410178825887,1.0304638130973318,0.9607689228305228
-0.7566454942570965,0.19853487640446024,3,-0.6976009584992757,-0.7013234936653397,-0.9704367948586523,-1.0408329997330665
0.10197839427815807,-1.0294592096564061,3,0.00847288613561874,-1.051110772301419,-0.9704367948586523,0.9607689228305228
0.9759691533017393,-0.8345644226089234,3,-1.4036748031341704,-1.4008980509374986,-0.9704367948586523,0.9607689228305228
-0.47107781768235857,0.7787924721639045,2,-1.4036748031341704,-1.167706531846779,-0.9704367948586523,-1.0408329997330665
0.29150313030085406,-1.7105721056233325,1,-0.6976009584992757,-0.4681319745746198,-0.9704367948586523,-1.0408329997330665
0.6282937085033476,-0.47850258476541524,1,-0.6976009584992757,1.0476128995150582,1.0304638130973318,0.9607689228305228
1.4920398872013778,-1.4817622060118847,2,-1.4036748031341704,-1.6340895700282183,1.0304638130973318,0.9607689228305228
1.108508411263557,-0.8892080397440967,1,-0.6976009584992757,1.5139959376964975,-0.9704367948586523,-1.0408329997330665
-0.4557109471940318,0.6232467107431219,1,0.7145467307705132,-0.8179192532106994,-0.9704367948586523,-1.0408329997330665
0.1371941391472401,-1.4506811601746044,1,1.4206205754054078,-1.4008980509374986,1.0304638130973318,0.9607689228305228
-1.2752773732381226,-1.2800750276359836,2,0.7145467307705132,0.3480383422428989,-0.9704367948586523,-1.0408329997330665
0.7665955428982879,0.08589829054803144,2,0.7145467307705132,-0.23494045548390038,1.0304638130973318,0.9607689228305228
0.7019266295932464,-0.004393670041806999,2,-0.6976009584992757,-0.3515362150292598,1.0304638130973318,-1.0408329997330665
-0.5229410055804612,-0.256040057740179,2,1.4206205754054078,1.7471874567872174,1.0304638130973318,0.9607689228305228
-0.6785305692747691,0.346445053090538,3,0.7145467307705132,-0.8179192532106994,1.0304638130973318,-1.0408329997330665
0.7576315351134307,0.5319476024735524,1,0.7145467307705132,-1.6340895700282183,-0.9704367948586523,0.9607689228305228
-0.39168232015933724,-0.7212251755805892,3,-1.4036748031341704,1.397400178151138,1.0304638130973318,0.9607689228305228
1.2570548259840486,1.0535095683398357,3,-1.4036748031341704,0.23144258269753945,1.0304638130973318,-1.0408329997330665
0.5188047562740199,1.378513782385127,1,1.4206205754054078,-0.5847277341199798,1.0304638130973318,0.9607689228305228
-1.2528673537759796,1.2224058920268202,3,-1.4036748031341704,-1.4008980509374986,-0.9704367948586523,0.9607689228305228
-1.1248100997065904,-0.7921236878258398,2,0.00847288613561874,-0.7013234936653397,-0.9704367948586523,-1.0408329997330665
-1.4769675483974105,-0.6959293733919963,1,0.00847288613561874,-1.284302291392139,1.0304638130973318,0.9607689228305228
0.4867904427566726,-1.469699855894176,2,-1.4036748031341704,0.6978256208789788,-0.9704367948586523,0.9607689228305228
0.7621135390058593,-0.28011791389746926,1,0.7145467307705132,0.23144258269753945,-0.9704367948586523,0.9607689228305228
1.6489100234363794,1.7086005789072005,3,-1.4036748031341704,-1.051110772301419,-0.9704367948586523,0.9607689228305228
-0.24953876814231526,0.7087371533249404,1,0.7145467307705132,0.5812298613336189,-0.9704367948586523,-1.0408329997330665
-1.2720759418863878,-1.0576827667279378,1,-0.6976009584992757,0.3480383422428989,-0.9704367948586523,-1.0408329997330665
0.40227265507087573,-0.9531502063874843,1,0.00847288613561874,0.9310171399696981,1.0304638130973318,0.9607689228305228
-1.671614574582882,-1.7296376454210314,2,1.4206205754054078,-1.284302291392139,-0.9704367948586523,0.9607689228305228
-1.1689898523605295,0.03568143879586189,2,-1.4036748031341704,-0.001748936393180464,-0.9704367948586523,-1.0408329997330665
1.5496656515326028,-0.24465694675531224,3,0.7145467307705132,-1.5174938104828586,-0.9704367948586523,0.9607689228305228
1.0720120938537812,-1.1528465114429869,2,-0.6976009584992757,0.5812298613336189,1.0304638130973318,0.9607689228305228
-1.2150904638255098,0.13972213631598182,3,1.4206205754054078,0.8144213804243388,1.0304638130973318,-1.0408329997330665
1.5746368160761337,1.0332260825108344,3,0.7145467307705132,1.0476128995150582,-0.9704367948586523,0.9607689228305228
-0.38271831237448,1.6319636670913895,1,0.7145467307705132,0.46463410178825887,1.0304638130973318,0.9607689228305228
0.4893515878380604,0.2651237334620246,1,0.7145467307705132,-0.3515362150292598,1.0304638130973318,-1.0408329997330665
0.6238117046109191,-1.2004166727809795,2,0.7145467307705132,-0.11834469593854043,1.0304638130973318,-1.0408329997330665
0.0341080496213818,1.2232959295112336,2,-0.6976009584992757,-0.001748936393180464,-0.9704367948586523,-1.0408329997330665
0.6571065906689602,0.37815849398253315,2,0.7145467307705132,-0.3515362150292598,1.0304638130973318,-1.0408329997330665
1.119393277859455,1.3070531412023523,1,1.4206205754054078,-0.001748936393180464,-0.9704367948586523,0.9607689228305228
1.4721910128206224,1.362774172134447,3,1.4206205754054078,-1.167706531846779,-0.9704367948586523,0.9607689228305228
1.3294071745332534,0.35119972702043095,3,-0.6976009584992757,1.1642086590604181,-0.9704367948586523,-1.0408329997330665
1.392795515297601,-1.1634801171778213,2,0.00847288613561874,0.11484682315217949,1.0304638130973318,0.9607689228305228
-1.6818591549084334,0.32808217446474464,3,0.7145467307705132,-0.3515362150292598,-0.9704367948586523,0.9607689228305228
-0.7809763725302804,1.0307667684091657,2,0.7145467307705132,-1.051110772301419,1.0304638130973318,0.9607689228305228
1.1309184307257,0.309063478745173,3,-1.4036748031341704,-0.23494045548390038,1.0304638130973318,0.9607689228305228
-0.8174726899400563,-0.6168799915526436,1,0.00847288613561874,0.5812298613336189,-0.9704367948586523,-1.0408329997330665
0.2722945421904457,0.42162979848441123,2,0.7145467307705132,0.8144213804243388,-0.9704367948586523,-1.0408329997330665
-0.3532651439385205,1.5220206157272647,1,1.4206205754054078,-0.11834469593854043,-0.9704367948586523,0.9607689228305228
-1.3495505805983683,-0.28986148214789026,2,1.4206205754054078,0.5812298613336189,1.0304638130973318,0.9607689228305228
-0.4928475508741547,-0.18331462644797453,2,-0.6976009584992757,1.397400178151138,1.0304638130973318,0.9607689228305228
0.41956038437024323,1.083442934263004,3,-1.4036748031341704,-1.167706531846779,1.0304638130973318,0.9607689228305228
1.557349086776766,0.2892484336974419,1,0.00847288613561874,1.1642086590604181,1.0304638130973318,0.9607689228305228
0.14999986455417902,-0.95959126712995,2,0.00847288613561874,-0.9345150127560594,-0.9704367948586523,-1.0408329997330665
1.1289975719146594,-0.8501166565470953,3,1.4206205754054078,-0.8179192532106994,-0.9704367948586523,0.9607689228305228
1.2564145397137017,0.6031740232656921,1,-1.4036748031341704,1.280804418605778,-0.9704367948586523,0.9607689228305228
-0.4256174924877254,0.6055396492111068,3,0.00847288613561874,-0.9345150127560594,-0.9704367948586523,0.9607689228305228
0.3183951536554258,-0.8807995277202959,1,0.00847288613561874,1.280804418605778,1.0304638130973318,0.9607689228305228
0.5930779636342656,0.269854985352854,3,1.4206205754054078,-0.11834469593854043,1.0304638130973318,-1.0408329997330665
-1.5051401442926762,-0.4845688928828648,2,-1.4036748031341704,1.7471874567872174,1.0304638130973318,0.9607689228305228
1.217997363492885,1.3239170093280808,1,1.4206205754054078,-0.5847277341199798,1.0304638130973318,0.9607689228305228
-0.7995446743703418,-1.70715248792006,3,-0.6976009584992757,0.23144258269753945,1.0304638130973318,-1.0408329997330665
0.9477965574064736,-0.5288131246738388,2,-0.6976009584992757,1.0476128995150582,-0.9704367948586523,0.9607689228305228
-1.7286000526437604,0.038070486780340106,2,-0.6976009584992757,-0.5847277341199798,-0.9704367948586523,0.9607689228305228
-0.33341626955776515,1.331154419398706,2,1.4206205754054078,-0.5847277341199798,1.0304638130973318,-1.0408329997330665
-1.152982695601856,-1.6709888596059974,1,-1.4036748031341704,0.9310171399696981,-0.9704367948586523,-1.0408329997330665
0.15576244098730152,-0.24477405695062981,3,1.4206205754054078,-0.5847277341199798,1.0304638130973318,0.9607689228305228
-1.6242333905772082,-0.6687129640001955,3,-1.4036748031341704,-0.3515362150292598,1.0304638130973318,0.9607689228305228
0.7966889976045944,-1.379103408796512,3,0.00847288613561874,-1.167706531846779,1.0304638130973318,-1.0408329997330665
-0.926961642169384,-0.5600815468236272,1,0.00847288613561874,0.23144258269753945,-0.9704367948586523,0.9607689228305228
1.1763787559203334,0.43125625653951466,1,0.00847288613561874,0.11484682315217949,1.0304638130973318,-1.0408329997330665
0.16152501742042405,0.9450186833976486,2,-1.4036748031341704,1.280804418605778,-0.9704367948586523,0.9607689228305228
0.8799262127496974,-0.3731034089796116,3,0.00847288613561874,-0.9345150127560594,-0.9704367948586523,0.9607689228305228
0.6052434027708575,-1.6561861309178578,2,1.4206205754054078,-1.051110772301419,-0.9704367948586523,0.9607689228305228
1.6854063408461555,-1.5313466627093395,3,0.00847288613561874,-0.9345150127560594,1.0304638130973318,0.9607689228305228
0.11670497849613783,-1.6267914718931504,1,0.00847288613561874,0.46463410178825887,-0.9704367948586523,0.9607689228305228
0.6872000453752667,-0.25374469791195486,1,-1.4036748031341704,1.0476128995150582,1.0304638130973318,-1.0408329997330665
-1.660729707986984,0.2996009749635142,2,1.4206205754054078,1.280804418605778,1.0304638130973318,0.9607689228305228
1.3178820216670084,1.2210474137611365,3,1.4206205754054078,-0.7013234936653397,1.0304638130973318,-1.0408329997330665
-0.7278326120914839,-1.6266977837368963,1,0.00847288613561874,0.8144213804243388,1.0304638130973318,0.9607689228305228
-0.16694183926755923,0.01685011938879831,1,0.00847288613561874,-0.23494045548390038,-0.9704367948586523,-1.0408329997330665
0.5495384972506733,-1.157835405763515,1,-1.4036748031341704,0.46463410178825887,1.0304638130973318,0.9607689228305228
0.19289904466742439,1.1865935942987105,1,1.4206205754054078,-1.5174938104828586,1.0304638130973318,-1.0408329997330665
-0.9340047911432005,1.0405103366595867,2,0.00847288613561874,1.5139959376964975,-0.9704367948586523,-1.0408329997330665
-1.0044362808813645,1.002636899493888,1,0.00847288613561874,1.1642086590604181,-0.9704367948586523,-1.0408329997330665
0.05587778281317796,-0.2604902451622463,1,0.00847288613561874,0.3480383422428989,-0.9704367948586523,-1.0408329997330665
0.17305017028666908,-0.1482986780480242,2,0.00847288613561874,0.5812298613336189,1.0304638130973318,0.9607689228305228
-1.5506004694873095,0.5217824375199882,2,0.00847288613561874,1.0476128995150582,-0.9704367948586523,-1.0408329997330665
1.3774286448092743,0.0076452580368381266,2,-0.6976009584992757,0.23144258269753945,-0.9704367948586523,-1.0408329997330665
0.9401131221623104,-0.5752121840586559,2,0.00847288613561874,-1.4008980509374986,-0.9704367948586523,-1.0408329997330665
0.20442419753366942,-1.3029817818400982,2,1.4206205754054078,1.280804418605778,1.0304638130973318,0.9607689228305228
1.0233503373074133,1.2011386805571513,3,0.00847288613561874,0.5812298613336189,1.0304638130973318,0.9607689228305228
-0.5901710639668905,1.6578918643346972,2,-0.6976009584992757,-0.4681319745746198,-0.9704367948586523,-1.0408329997330665
0.004654881185422286,1.2817573390137593,2,-1.4036748031341704,1.1642086590604181,1.0304638130973318,-1.0408329997330665
-0.832839560428383,0.9152492717479249,2,0.00847288613561874,0.23144258269753945,1.0304638130973318,-1.0408329997330665
0.09621581784503555,1.1284835153821373,3,0.7145467307705132,0.23144258269753945,1.0304638130973318,0.9607689228305228
-1.660089421716637,0.8622217753081339,1,0.7145467307705132,1.280804418605778,-0.9704367948586523,-1.0408329997330665
0.6410994339102866,1.6639815944912104,2,-0.6976009584992757,-0.7013234936653397,-0.9704367948586523,0.9607689228305228
0.23451765223997587,1.3348316795316775,2,-1.4036748031341704,-0.9345150127560594,-0.9704367948586523,-1.0408329997330665
1.5099679027710922,-1.6835664945831033,3,0.7145467307705132,1.1642086590604181,-0.9704367948586523,0.9607689228305228
1.1232349954815368,-0.18635949152623107,2,1.4206205754054078,-0.9345150127560594,-0.9704367948586523,0.9607689228305228
-1.6402405473358819,-1.1394256830595946,2,0.7145467307705132,-0.8179192532106994,1.0304638130973318,0.9607689228305228
1.2833065630682734,0.04615109025725172,3,0.00847288613561874,-0.23494045548390038,-0.9704367948586523,-1.0408329997330665
-1.0851123509450797,-1.0307474218048993,3,0.7145467307705132,1.7471874567872174,-0.9704367948586523,-1.0408329997330665
1.108508411263557,0.2665993219230259,1,-1.4036748031341704,0.6978256208789788,1.0304638130973318,-1.0408329997330665
1.4305724052480708,0.5414569503333382,2,-1.4036748031341704,-1.7506853295735783,-0.9704367948586523,-1.0408329997330665
0.5245673327071424,1.5939731197303733,1,-0.6976009584992757,1.397400178151138,1.0304638130973318,-1.0408329997330665
1.6457085920846448,0.37600366638869004,2,0.00847288613561874,-1.284302291392139,1.0304638130973318,-1.0408329997330665
0.9689260043279229,-0.16033760612666934,1,1.4206205754054078,-1.051110772301419,1.0304638130973318,-1.0408329997330665
0.9170628164298202,-1.1721931157094476,3,-0.6976009584992757,-1.6340895700282183,1.0304638130973318,-1.0408329997330665
-1.1817955777674685,1.3794740859867312,1,0.7145467307705132,1.5139959376964975,1.0304638130973318,0.9607689228305228
-1.2413422009097346,0.023033537701565455,1,1.4206205754054078,0.23144258269753945,-0.9704367948586523,-1.0408329997330665
-0.5517538877460737,0.011041453701047354,1,-1.4036748031341704,0.3480383422428989,1.0304638130973318,-1.0408329997330665
-0.003668840329088012,0.5436820440443718,1,0.00847288613561874,-1.167706531846779,1.0304638130973318,-1.0408329997330665
0.03346776335103485,0.8200152609156854,2,1.4206205754054078,0.9310171399696981,-0.9704367948586523,-1.0408329997330665
1.075213525205516,-1.6078196202517059,2,0.00847288613561874,1.1642086590604181,-0.9704367948586523,0.9607689228305228
0.8415090365288806,0.23013120710113782,1,-1.4036748031341704,0.8144213804243388,1.0304638130973318,0.9607689228305228
-1.4596798190980431,-1.3873948106249951,3,0.7145467307705132,0.46463410178825887,1.0304638130973318,-1.0408329997330665
1.0470409293102503,-1.5060977045988735,2,-0.6976009584992757,1.280804418605778,-0.9704367948586523,0.9607689228305228
1.073292666394475,-1.28878802616761,3,0.00847288613561874,0.8144213804243388,1.0304638130973318,0.9607689228305228
-1.7202763311292502,-0.10028349796782479,3,0.7145467307705132,0.5812298613336189,-0.9704367948586523,-1.0408329997330665
0.40995609031503905,-0.21659734395722496,1,-0.6976009584992757,-0.001748936393180464,-0.9704367948586523,-1.0408329997330665
-1.056939755049814,1.5960342591679624,1,0.7145467307705132,-1.5174938104828586,1.0304638130973318,-1.0408329997330665
-1.2426227734504285,0.5737559422019212,1,0.7145467307705132,-0.5847277341199798,1.0304638130973318,0.9607689228305228
-0.5498330289350329,-0.16462383927529203,1,-0.6976009584992757,-1.284302291392139,1.0304638130973318,-1.0408329997330665
0.25756795797246596,1.1962200523538138,3,0.00847288613561874,0.11484682315217949,1.0304638130973318,0.9607689228305228
0.32479801635889527,0.08144810312596418,2,0.00847288613561874,1.397400178151138,-0.9704367948586523,0.9607689228305228
0.529049336599571,-1.1714201884203517,3,0.00847288613561874,1.397400178151138,-0.9704367948586523,0.9607689228305228
-0.9372062224949352,-1.7156546881001147,1,-1.4036748031341704,-0.23494045548390038,1.0304638130973318,-1.0408329997330665
-0.022237142169149446,-1.6390646203624306,3,0.00847288613561874,0.9310171399696981,-0.9704367948586523,0.9607689228305228
-0.27579050522654003,0.16155147672317494,2,-0.6976009584992757,0.23144258269753945,1.0304638130973318,0.9607689228305228
1.5695145259133583,0.5885586708900606,3,0.00847288613561874,-1.7506853295735783,-0.9704367948586523,-1.0408329997330665
0.6058836890412045,-1.4856736865354911,2,0.7145467307705132,-1.284302291392139,1.0304638130973318,0.9607689228305228
0.5777110931459389,-0.4772377946559856,3,-0.6976009584992757,0.8144213804243388,-0.9704367948586523,-1.0408329997330665
1.6028094119713994,0.5540111632713806,1,0.00847288613561874,0.23144258269753945,-0.9704367948586523,-1.0408329997330665
-0.6151422285104214,0.18042964020836555,3,0.7145467307705132,1.5139959376964975,-0.9704367948586523,0.9607689228305228
-0.22072588597670267,-1.6852528813956762,1,0.7145467307705132,0.9310171399696981,1.0304638130973318,-1.0408329997330665
-1.2426227734504285,-0.2541662946150981,3,0.00847288613561874,0.3480383422428989,-0.9704367948586523,0.9607689228305228
-0.9826665476895684,0.014343961209002535,1,0.7145467307705132,1.280804418605778,-0.9704367948586523,-1.0408329997330665
-0.4870849744410322,-1.2749456010810745,1,-0.6976009584992757,0.3480383422428989,-0.9704367948586523,-1.0408329997330665
0.8696816324241462,0.5364914780518737,2,1.4206205754054078,-1.5174938104828586,1.0304638130973318,-1.0408329997330665
-0.868695591567812,1.6193860321142837,1,-1.4036748031341704,-1.051110772301419,1.0304638130973318,-1.0408329997330665
1.3748674997278867,1.3215279613436026,3,0.7145467307705132,-0.4681319745746198,-0.9704367948586523,0.9607689228305228
0.588595959741837,-1.011658459968137,2,0.00847288613561874,1.397400178151138,-0.9704367948586523,-1.0408329997330665
-0.5671207582344004,-0.9824511772559377,1,0.7145467307705132,0.5812298613336189,1.0304638130973318,-1.0408329997330665
-0.5351064447170532,0.6712150467451943,1,0.00847288613561874,1.5139959376964975,-0.9704367948586523,-1.0408329997330665
-1.2887233849154085,0.43715861038351966,2,0.7145467307705132,-0.001748936393180464,-0.9704367948586523,0.9607689228305228
1.5906439728348074,-0.6281459923421928,2,0.00847288613561874,0.3480383422428989,1.0304638130973318,0.9607689228305228
-1.5634061948942484,-1.5439711417645723,1,1.4206205754054078,1.0476128995150582,-0.9704367948586523,0.9607689228305228
1.5400613574773987,0.1131146999398323,1,1.4206205754054078,0.3480383422428989,-0.9704367948586523,-1.0408329997330665
0.47654586243112146,-0.41795661378623694,3,0.7145467307705132,-0.5847277341199798,1.0304638130973318,-1.0408329997330665
-0.05489174195684369,-1.6594183723086227,2,-0.6976009584992757,-0.23494045548390038,1.0304638130973318,-1.0408329997330665
-1.4756869758567168,1.713097610407395,2,-0.6976009584992757,-0.3515362150292598,-0.9704367948586523,0.9607689228305228
0.8421493227992276,1.1193254981083043,1,0.7145467307705132,0.46463410178825887,1.0304638130973318,0.9607689228305228
-0.47812096665617493,-0.09103179253773758,3,-1.4036748031341704,-0.23494045548390038,-0.9704367948586523,0.9607689228305228
-1.7292403389141073,-0.3324193271262914,1,0.00847288613561874,-0.5847277341199798,-0.9704367948586523,-1.0408329997330665
0.683358327753185,1.5730338168075937,3,0.7145467307705132,0.46463410178825887,-0.9704367948586523,-1.0408329997330665
0.9074585223746161,1.7119499304932828,1,-1.4036748031341704,1.7471874567872174,-0.9704367948586523,0.9607689228305228
-1.4884927012636557,0.5750675763894778,2,-0.6976009584992757,-1.051110772301419,-0.9704367948586523,0.9607689228305228
-1.4391906584469407,-0.7274554379714834,3,0.7145467307705132,1.280804418605778,-0.9704367948586523,-1.0408329997330665
1.2128750733301092,-0.45280860791274263,2,0.7145467307705132,-1.4008980509374986,1.0304638130973318,-1.0408329997330665
1.1590910266209657,-1.668763765894964,2,-1.4036748031341704,1.0476128995150582,1.0304638130973318,-1.0408329997330665
-1.2266156166917548,-1.0445898468914347,1,0.7145467307705132,-0.001748936393180464,-0.9704367948586523,-1.0408329997330665
0.9292282555664122,-1.621685467377305,1,0.00847288613561874,-0.4681319745746198,-0.9704367948586523,-1.0408329997330665
-0.6337105303504829,-0.14773654911049994,2,0.7145467307705132,-0.7013234936653397,1.0304638130973318,-1.0408329997330665
-1.5121832932664927,0.7760052495153466,2,1.4206205754054078,-0.5847277341199798,1.0304638130973318,0.9607689228305228
-0.1592584040233959,-0.4230157742239555,1,0.00847288613561874,-0.8179192532106994,1.0304638130973318,-1.0408329997330665
0.06548207686838214,1.0498791522849915,3,0.7145467307705132,-1.051110772301419,-0.9704367948586523,-1.0408329997330665
0.9906957375197191,-0.3265169732822864,2,-1.4036748031341704,0.6978256208789788,-0.9704367948586523,-1.0408329997330665
0.7268977941367774,-1.2225036556178712,1,-0.6976009584992757,-0.7013234936653397,-0.9704367948586523,0.9607689228305228
0.045633202487626826,-1.4339812463223203,1,0.7145467307705132,1.280804418605778,1.0304638130973318,0.9607689228305228
-1.389888615630226,1.182869490087612,3,-1.4036748031341704,-0.5847277341199798,-0.9704367948586523,0.9607689228305228
0.10133810800781112,1.082576318817654,3,0.7145467307705132,-1.5174938104828586,1.0304638130973318,0.9607689228305228
0.5962793949860004,-0.8342833581401612,1,0.7145467307705132,-0.9345150127560594,-0.9704367948586523,0.9607689228305228
0.8760844951276157,1.4182141385977798,2,1.4206205754054078,0.8144213804243388,-0.9704367948586523,-1.0408329997330665
1.654672599869502,1.4499978456069655,1,0.7145467307705132,-1.051110772301419,-0.9704367948586523,0.9607689228305228
0.06804322194976993,0.4858061855184339,1,-0.6976009584992757,0.46463410178825887,1.0304638130973318,0.9607689228305228
-0.9525730929832619,1.6597890494988417,1,0.7145467307705132,0.5812298613336189,-0.9704367948586523,0.9607689228305228
1.5631116632098887,1.5000273210466268,2,-0.6976009584992757,-0.5847277341199798,-0.9704367948586523,-1.0408329997330665
1.595125976727236,-1.0871008477917088,2,0.7145467307705132,-1.167706531846779,1.0304638130973318,0.9607689228305228
-0.6170630873214622,-0.48798851058613757,2,1.4206205754054078,0.11484682315217949,-0.9704367948586523,-1.0408329997330665
-0.4326606414615418,1.3698710499706912,3,0.00847288613561874,-0.8179192532106994,1.0304638130973318,0.9607689228305228
1.2244002261963542,0.18021884185679393,2,1.4206205754054078,1.0476128995150582,1.0304638130973318,0.9607689228305228
-0.8475661446463627,0.899603349653499,1,0.00847288613561874,-1.5174938104828586,1.0304638130973318,-1.0408329997330665
0.6372577162882048,-0.3845099420035419,3,-1.4036748031341704,-0.8179192532106994,1.0304638130973318,-1.0408329997330665
0.32479801635889527,-1.0310519083127248,2,-0.6976009584992757,1.5139959376964975,-0.9704367948586523,-1.0408329997330665
1.546464220180868,1.0218898156040948,2,0.00847288613561874,-0.7013234936653397,-0.9704367948586523,0.9607689228305228
0.8485521855026971,-0.8329717239526045,1,0.7145467307705132,1.6305916972418575,1.0304638130973318,0.9607689228305228
0.07124465330150466,-0.16905060465829577,2,-1.4036748031341704,1.0476128995150582,1.0304638130973318,-1.0408329997330665
0.2876614126787724,-1.3139198740827582,3,0.00847288613561874,-0.23494045548390038,-0.9704367948586523,-1.0408329997330665
-0.5818473424523802,1.1695891939386007,1,-0.6976009584992757,0.9310171399696981,1.0304638130973318,0.9607689228305228
-0.6266673813766664,1.1493525521877266,1,-0.6976009584992757,-1.4008980509374986,-0.9704367948586523,0.9607689228305228
0.6641497396427766,-0.7161894371819342,3,0.00847288613561874,0.8144213804243388,1.0304638130973318,-1.0408329997330665
0.7749192644127982,-0.042431061480950355,2,0.00847288613561874,-0.11834469593854043,-0.9704367948586523,0.9607689228305228
1.1885441950569253,1.3281563983985765,2,1.4206205754054078,0.9310171399696981,1.0304638130973318,0.9607689228305228
1.2205585085742727,-0.3859152643473526,1,-1.4036748031341704,-0.11834469593854043,1.0304638130973318,0.9607689228305228
-1.3565937295721848,-0.5311084845020629,3,0.00847288613561874,1.5139959376964975,-0.9704367948586523,0.9607689228305228
-0.6407536793242993,-1.6153146727520296,1,-0.6976009584992757,0.23144258269753945,1.0304638130973318,0.9607689228305228
-0.2725890738748053,-1.1840446674755847,2,0.7145467307705132,1.397400178151138,1.0304638130973318,-1.0408329997330665
1.4542629972509078,-0.22146912808243543,3,0.7145467307705132,-1.7506853295735783,-0.9704367948586523,0.9607689228305228
-0.21432302327323322,-0.4474215389281349,2,0.00847288613561874,-1.6340895700282183,-0.9704367948586523,-1.0408329997330665
-1.7100317508036988,-0.4601162841005584,3,-1.4036748031341704,0.11484682315217949,-0.9704367948586523,-1.0408329997330665
1.1795801872720681,1.2074392090652362,3,-1.4036748031341704,-0.001748936393180464,1.0304638130973318,0.9607689228305228
-0.43586207281327655,-1.084547845533786,1,-1.4036748031341704,-0.8179192532106994,1.0304638130973318,-1.0408329997330665
0.8325450287440234,-0.2096175763162984,3,-0.6976009584992757,-0.23494045548390038,1.0304638130973318,0.9607689228305228
1.4081623857859278,-0.3206380414773449,2,1.4206205754054078,0.46463410178825887,1.0304638130973318,0.9607689228305228
-0.045927734171986444,0.8482622400262808,3,-1.4036748031341704,0.46463410178825887,-0.9704367948586523,-1.0408329997330665
0.49895588189326456,-1.603346010790575,3,0.7145467307705132,0.8144213804243388,-0.9704367948586523,0.9607689228305228
0.6699123160758991,-1.5936727086573446,3,0.00847288613561874,0.46463410178825887,-0.9704367948586523,0.9607689228305228
-0.33469684209845907,-0.5972523228174207,1,-1.4036748031341704,0.46463410178825887,1.0304638130973318,-1.0408329997330665
0.20698534261505722,0.1664232608483854,1,-1.4036748031341704,-0.11834469593854043,-0.9704367948586523,-1.0408329997330665
-1.4673632543422064,0.7475474720531796,3,0.00847288613561874,-0.001748936393180464,1.0304638130973318,-1.0408329997330665
1.075213525205516,1.46503479468574,2,1.4206205754054078,-1.5174938104828586,1.0304638130973318,0.9607689228305228
1.2570548259840486,1.6183554623954892,2,0.7145467307705132,-0.23494045548390038,1.0304638130973318,-1.0408329997330665
-1.7625352249721484,-0.45301940626431425,3,0.00847288613561874,-0.4681319745746198,1.0304638130973318,-1.0408329997330665
-1.1235295271658965,1.5031658742811376,2,0.7145467307705132,-0.11834469593854043,-0.9704367948586523,0.9607689228305228
1.5419822162884396,1.6581495067643959,1,0.00847288613561874,-1.7506853295735783,1.0304638130973318,0.9607689228305228
0.399071223719141,0.9890286947979875,3,-0.6976009584992757,1.5139959376964975,1.0304638130973318,-1.0408329997330665
-1.023644868991773,-0.14005412029766803,1,0.00847288613561874,1.397400178151138,1.0304638130973318,0.9607689228305228
-0.7496023452832801,1.5699655296902735,3,-1.4036748031341704,-1.5174938104828586,-0.9704367948586523,0.9607689228305228
-0.7284728983618308,0.7024132027777921,1,0.00847288613561874,1.1642086590604181,-0.9704367948586523,-1.0408329997330665
-0.7387174786873819,1.2980590782019636,2,0.00847288613561874,-0.23494045548390038,1.0304638130973318,-1.0408329997330665
-1.166428707279142,-1.7678858352117464,2,-1.4036748031341704,0.8144213804243388,1.0304638130973318,0.9607689228305228
-0.7957029567482602,0.7541290650300264,2,0.00847288613561874,0.23144258269753945,1.0304638130973318,0.9607689228305228
0.1551221547169546,0.2424277776094816,3,1.4206205754054078,1.1642086590604181,1.0304638130973318,0.9607689228305228
-0.4204952023249498,-1.7193553702721496,1,0.7145467307705132,-1.051110772301419,-0.9704367948586523,-1.0408329997330665
0.6148476968260618,-0.4747316364761898,3,1.4206205754054078,-1.5174938104828586,-0.9704367948586523,0.9607689228305228
-1.6357585434434532,0.1306109631202757,3,0.7145467307705132,0.3480383422428989,1.0304638130973318,0.9607689228305228
1.0009403178452703,1.6033185133167145,3,1.4206205754054078,1.397400178151138,-0.9704367948586523,0.9607689228305228
1.4337738365998056,1.6795338284293824,1,0.00847288613561874,0.11484682315217949,-0.9704367948586523,-1.0408329997330665
-0.7668900745826476,1.5358396187747367,2,0.7145467307705132,-0.23494045548390038,1.0304638130973318,0.9607689228305228
-0.0055896991401288496,0.2731106487826822,2,-0.6976009584992757,1.5139959376964975,-0.9704367948586523,-1.0408329997330665
-0.4877252607113791,1.5082250347188562,3,-1.4036748031341704,-1.051110772301419,-0.9704367948586523,-1.0408329997330665
-0.9557745243349967,-1.28878802616761,2,-0.6976009584992757,-0.8179192532106994,-0.9704367948586523,0.9607689228305228
1.4837161656868674,0.39275042431910107,3,-0.6976009584992757,0.46463410178825887,-0.9704367948586523,-1.0408329997330665
-0.7982641018296479,1.5426085880640916,3,0.00847288613561874,1.280804418605778,-0.9704367948586523,-1.0408329997330665
-1.258629930209102,-0.1700811743770903,2,-1.4036748031341704,1.5139959376964975,1.0304638130973318,-1.0408329997330665
1.0579257959061483,-0.4344691513260128,1,-0.6976009584992757,0.46463410178825887,1.0304638130973318,0.9607689228305228
-1.30729168675547,1.6035995777854766,2,-0.6976009584992757,-0.001748936393180464,-0.9704367948586523,-1.0408329997330665
-0.7771346549081987,0.42490888395330295,2,-0.6976009584992757,0.9310171399696981,1.0304638130973318,0.9607689228305228
-0.17014327061929396,-1.3957564785706689,3,-0.6976009584992757,-0.9345150127560594,-0.9704367948586523,0.9607689228305228
1.5330182085035822,1.55246926650983,2,-0.6976009584992757,0.6978256208789788,-0.9704367948586523,0.9607689228305228
0.09237410022295388,-0.9743003076618355,2,-1.4036748031341704,-0.8179192532106994,1.0304638130973318,0.9607689228305228
-1.4193417840661855,1.387109670721436,3,-1.4036748031341704,-1.6340895700282183,1.0304638130973318,0.9607689228305228
0.7941278525232066,1.6251478537239077,2,-0.6976009584992757,1.1642086590604181,1.0304638130973318,0.9607689228305228
-0.7105448827921164,1.6588521679363013,1,1.4206205754054078,1.6305916972418575,-0.9704367948586523,0.9607689228305228
1.1405227247809044,1.0225690547369366,3,0.00847288613561874,0.9310171399696981,1.0304638130973318,0.9607689228305228
1.121954422940843,-1.2412178648296173,2,0.7145467307705132,1.5139959376964975,-0.9704367948586523,0.9607689228305228
0.7333006568402468,-1.1582335804275945,1,0.7145467307705132,0.5812298613336189,1.0304638130973318,0.9607689228305228
-1.6415211198765758,-0.22458425927788253,2,-0.6976009584992757,0.8144213804243388,-0.9704367948586523,-1.0408329997330665
1.464507577576459,1.5310849448448438,3,0.7145467307705132,1.7471874567872174,-0.9704367948586523,0.9607689228305228
-0.19767558024421264,0.9045453998959,3,0.7145467307705132,1.280804418605778,-0.9704367948586523,-1.0408329997330665
-1.2816802359415922,-0.1232839403281935,2,0.7145467307705132,0.5812298613336189,1.0304638130973318,-1.0408329997330665
1.2192779360335788,0.8951531622314317,1,-1.4036748031341704,-0.11834469593854043,-0.9704367948586523,-1.0408329997330665
-0.16438069418617143,-0.7677179231216604,3,-1.4036748031341704,-1.4008980509374986,-0.9704367948586523,0.9607689228305228
0.5188047562740199,-0.8150772861080815,3,1.4206205754054078,1.5139959376964975,1.0304638130973318,-1.0408329997330665
1.0700912350427403,-0.2993942520467396,3,-0.6976009584992757,1.280804418605778,1.0304638130973318,0.9607689228305228
-1.3168959808106742,-0.9162370728233894,1,0.00847288613561874,-0.7013234936653397,1.0304638130973318,-1.0408329997330665
-0.4966892684962364,1.1502191676330764,2,1.4206205754054078,0.46463410178825887,1.0304638130973318,-1.0408329997330665
-0.006870271680822742,0.7425585777326515,1,1.4206205754054078,1.5139959376964975,-0.9704367948586523,-1.0408329997330665
-0.796343243018607,-0.46496464618670535,3,0.00847288613561874,0.11484682315217949,-0.9704367948586523,0.9607689228305228
-0.12276208661361995,-1.5018348934893144,3,-1.4036748031341704,-0.3515362150292598,-0.9704367948586523,0.9607689228305228
1.1366810071588227,-0.6261082749436673,3,-0.6976009584992757,-1.284302291392139,-0.9704367948586523,0.9607689228305228
1.5419822162884396,1.0054475441815094,3,0.7145467307705132,1.397400178151138,1.0304638130973318,0.9607689228305228
1.416486107300438,-0.9904146705375316,2,-1.4036748031341704,-1.167706531846779,-0.9704367948586523,0.9607689228305228
0.9343505457291877,-1.1733407956235598,2,-1.4036748031341704,0.6978256208789788,-0.9704367948586523,-1.0408329997330665
-1.045414602183569,-0.5679747739880308,3,-0.6976009584992757,-1.5174938104828586,1.0304638130973318,-1.0408329997330665
-0.14325124726472221,0.5550651550292387,1,-1.4036748031341704,0.23144258269753945,1.0304638130973318,0.9607689228305228
0.08341009243809663,0.6035956199688354,1,0.7145467307705132,-1.6340895700282183,-0.9704367948586523,0.9607689228305228
0.19225875839707746,0.49294990743280503,3,-1.4036748031341704,1.397400178151138,-0.9704367948586523,-1.0408329997330665
-0.926961642169384,0.8724572063788887,3,0.7145467307705132,0.9310171399696981,1.0304638130973318,-1.0408329997330665
1.0726523801241281,-1.254568427095819,3,1.4206205754054078,0.3480383422428989,1.0304638130973318,0.9607689228305228
-1.0262060140731606,-0.4203222397316516,2,0.00847288613561874,0.11484682315217949,-0.9704367948586523,0.9607689228305228
-0.8251561251842197,-0.819176142944196,3,1.4206205754054078,0.9310171399696981,1.0304638130973318,0.9607689228305228
0.31199229095195635,0.20734156309234072,2,0.00847288613561874,-1.051110772301419,-0.9704367948586523,-1.0408329997330665
0.18649618196395493,1.240651660457296,1,1.4206205754054078,-0.3515362150292598,-0.9704367948586523,-1.0408329997330665
-0.03248172249470058,0.10229371789248978,1,0.7145467307705132,-0.7013234936653397,1.0304638130973318,0.9607689228305228
-1.4583992465573492,0.86039485626118,1,-0.6976009584992757,0.3480383422428989,1.0304638130973318,0.9607689228305228
-0.42689806502841926,0.32292932587077205,3,1.4206205754054078,0.46463410178825887,1.0304638130973318,0.9607689228305228
1.6220180000818076,-0.7079683014706415,1,-0.6976009584992757,-0.23494045548390038,1.0304638130973318,-1.0408329997330665
-0.8245158389138727,0.0005483802005940155,3,0.00847288613561874,1.6305916972418575,-0.9704367948586523,0.9607689228305228
0.18393503688256715,0.4309751920707525,2,1.4206205754054078,1.280804418605778,1.0304638130973318,-1.0408329997330665
0.5027975995153462,-0.3261422206572702,2,0.7145467307705132,0.46463410178825887,1.0304638130973318,0.9607689228305228
1.2993137198269469,-0.6503969294525291,2,-0.6976009584992757,-0.5847277341199798,-0.9704367948586523,-1.0408329997330665
1.3069971550711104,0.36419895870068003,2,1.4206205754054078,0.5812298613336189,-0.9704367948586523,-1.0408329997330665
1.5970468355382768,1.3207316120154433,3,0.00847288613561874,-0.4681319745746198,-0.9704367948586523,-1.0408329997330665
-0.8533287210794853,1.3572699929545218,1,1.4206205754054078,0.23144258269753945,1.0304638130973318,0.9607689228305228
0.2261939307254656,-0.8980147264319772,1,-0.6976009584992757,-1.284302291392139,1.0304638130973318,0.9607689228305228
-0.7175880317659328,-1.6571698565585253,2,0.7145467307705132,-1.284302291392139,-0.9704367948586523,-1.0408329997330665
-1.5749313477604934,-1.3012485509493983,1,0.00847288613561874,1.280804418605778,1.0304638130973318,-1.0408329997330665
-0.1163592239101505,1.3146184598198667,1,0.00847288613561874,-1.5174938104828586,-0.9704367948586523,0.9607689228305228
1.22952251635913,1.0132236611505954,1,-1.4036748031341704,-0.11834469593854043,-0.9704367948586523,0.9607689228305228
-0.027999718602271958,-1.3235463321378618,3,0.00847288613561874,0.8144213804243388,-0.9704367948586523,0.9607689228305228
0.16344587623146486,-1.5582117415151875,3,0.7145467307705132,-0.7013234936653397,1.0304638130973318,0.9607689228305228
1.2365656653329462,0.8608632970424502,3,1.4206205754054078,1.397400178151138,1.0304638130973318,-1.0408329997330665
-0.9769039712564458,1.0702563262702467,1,0.00847288613561874,1.1642086590604181,-0.9704367948586523,0.9607689228305228
-1.189479013011632,1.103796686209196,2,-0.6976009584992757,1.397400178151138,-0.9704367948586523,-1.0408329997330665
1.1046666936414755,1.4546119873024774,3,0.7145467307705132,-0.5847277341199798,-0.9704367948586523,-1.0408329997330665
-0.038884585198170035,1.6214237495128092,1,0.7145467307705132,0.23144258269753945,-0.9704367948586523,0.9607689228305228
-1.3450685767059398,0.023736198873470813,2,0.00847288613561874,-1.167706531846779,1.0304638130973318,0.9607689228305228
-0.5587970367198901,1.584908790612794,3,0.00847288613561874,-1.5174938104828586,-0.9704367948586523,0.9607689228305228
-0.12532323169500775,0.5371707171847155,1,-1.4036748031341704,1.5139959376964975,1.0304638130973318,0.9607689228305228
-0.01967599708776166,-1.5878406209305302,3,-0.6976009584992757,-0.5847277341199798,1.0304638130973318,0.9607689228305228
-0.23545247019468243,-1.3316269356147732,1,0.7145467307705132,0.5812298613336189,-0.9704367948586523,-1.0408329997330665
-0.2444164779795397,0.5993562308983397,2,0.00847288613561874,1.280804418605778,-0.9704367948586523,-1.0408329997330665
-1.3905289019005729,-0.6207212059590596,2,1.4206205754054078,0.3480383422428989,1.0304638130973318,0.9607689228305228
-0.371193159508235,0.7106577605281483,1,-0.6976009584992757,0.9310171399696981,-0.9704367948586523,0.9607689228305228
1.5970468355382768,0.2706981787591405,1,0.00847288613561874,-0.7013234936653397,-0.9704367948586523,-1.0408329997330665
-0.5242215781211551,-0.049176608731241786,3,1.4206205754054078,0.6978256208789788,-0.9704367948586523,0.9607689228305228
-0.24569705052023358,1.5203810729928189,2,-0.6976009584992757,-1.6340895700282183,1.0304638130973318,0.9607689228305228
0.34016488684722196,0.04378546431183701,1,-0.6976009584992757,-0.8179192532106994,-0.9704367948586523,-1.0408329997330665
-0.4838835430892975,1.6850848516874346,3,-0.6976009584992757,-0.3515362150292598,-0.9704367948586523,0.9607689228305228
1.6975717799827474,-1.0920194759950463,1,1.4206205754054078,1.5139959376964975,-0.9704367948586523,0.9607689228305228
-0.4845238293596444,-1.3854039373045965,1,0.00847288613561874,1.7471874567872174,-0.9704367948586523,0.9607689228305228
-0.2002367253256004,-0.42706778698194303,2,0.7145467307705132,0.8144213804243388,-0.9704367948586523,-1.0408329997330665
0.4310855372364883,1.3987972682141285,1,-0.6976009584992757,-1.4008980509374986,-0.9704367948586523,-1.0408329997330665
1.4312126915184178,0.38963529312365397,3,0.00847288613561874,0.5812298613336189,-0.9704367948586523,-1.0408329997330665
1.5605505181285009,1.1802227996734351,2,0.00847288613561874,-0.3515362150292598,1.0304638130973318,0.9607689228305228
0.8716024912351871,-0.7229818285103526,2,1.4206205754054078,1.397400178151138,1.0304638130973318,0.9607689228305228
-0.6759694241933812,1.0336008351358505,1,1.4206205754054078,-1.4008980509374986,1.0304638130973318,-1.0408329997330665
-0.6932571534927487,0.14962965883984736,1,-1.4036748031341704,0.5812298613336189,1.0304638130973318,-1.0408329997330665
-1.1107238017589576,-1.716123128881385,3,1.4206205754054078,-0.4681319745746198,1.0304638130973318,0.9607689228305228
-1.0876734960264676,1.1733835642668897,2,-1.4036748031341704,0.11484682315217949,1.0304638130973318,-1.0408329997330665
-0.04656802044233339,1.3921688311591545,1,0.7145467307705132,-0.7013234936653397,-0.9704367948586523,-1.0408329997330665
-0.4986101273072772,-0.9187900750813123,1,0.00847288613561874,-1.284302291392139,-0.9704367948586523,0.9607689228305228
0.659667735750348,0.6337866283217022,3,0.00847288613561874,-1.6340895700282183,1.0304638130973318,0.9607689228305228
-0.549192742664686,1.0826465849348446,2,-0.6976009584992757,0.6978256208789788,1.0304638130973318,0.9607689228305228
-0.9922708417447725,-0.26163792507635836,2,-0.6976009584992757,-0.7013234936653397,1.0304638130973318,-1.0408329997330665
-0.7982641018296479,0.47001973118962687,3,-0.6976009584992757,-0.7013234936653397,-0.9704367948586523,-1.0408329997330665
0.8511133305840848,-1.1864337154600628,1,0.7145467307705132,0.6978256208789788,1.0304638130973318,-1.0408329997330665
-1.5890176457081262,-0.5072882707744714,1,0.7145467307705132,-1.6340895700282183,-0.9704367948586523,0.9607689228305228
1.6636366076543592,-0.6324322254908156,3,-0.6976009584992757,1.6305916972418575,1.0304638130973318,0.9607689228305228
0.17240988401632212,-0.3846738962769865,2,1.4206205754054078,1.5139959376964975,1.0304638130973318,0.9607689228305228
-0.7579260667977903,-0.9499882311139101,1,-0.6976009584992757,0.9310171399696981,1.0304638130973318,0.9607689228305228
1.3838315075127439,0.1471703447381786,1,0.00847288613561874,0.6978256208789788,-0.9704367948586523,0.9607689228305228
1.5080470439600513,0.6450292070721879,2,0.00847288613561874,0.11484682315217949,-0.9704367948586523,0.9607689228305228
-1.3469894355169807,1.2459918853637766,1,0.00847288613561874,-0.8179192532106994,1.0304638130973318,-1.0408329997330665
-1.7612546524314545,1.6145610920672002,1,0.00847288613561874,-0.7013234936653397,-0.9704367948586523,0.9607689228305228
-1.4090972037406344,-0.2744497804440994,1,-1.4036748031341704,-0.001748936393180464,1.0304638130973318,0.9607689228305228
0.09493524530434166,-0.15682430026714256,1,0.00847288613561874,-1.167706531846779,1.0304638130973318,0.9607689228305228
-1.3950109057930016,0.8016992263680192,3,-0.6976009584992757,-1.5174938104828586,-0.9704367948586523,0.9607689228305228
-1.02428515526212,-1.6511738145582664,1,-1.4036748031341704,0.23144258269753945,1.0304638130973318,0.9607689228305228
0.3676971964721406,-1.5242966289512223,3,1.4206205754054078,-1.284302291392139,1.0304638130973318,-1.0408329997330665
1.4414572718439689,-1.0522956977433302,1,1.4206205754054078,0.3480383422428989,1.0304638130973318,-1.0408329997330665
-1.8015926874633121,0.11538663772899295,3,-0.6976009584992757,1.1642086590604181,-0.9704367948586523,0.9607689228305228
1.6860466271165022,0.6457787123222203,3,1.4206205754054078,1.5139959376964975,-0.9704367948586523,-1.0408329997330665
0.19546018974881219,1.0050493695174296,1,-1.4036748031341704,-0.001748936393180464,-0.9704367948586523,0.9607689228305228
-0.4012866142145414,0.022330876529660097,3,-0.6976009584992757,-1.284302291392139,-0.9704367948586523,-1.0408329997330665
1.3076374413414573,-0.3371271569780573,1,1.4206205754054078,-0.9345150127560594,-0.9704367948586523,0.9607689228305228
-0.2322510388429477,-0.6878019258369578,1,0.00847288613561874,0.8144213804243388,1.0304638130973318,-1.0408329997330665
-0.6234659500249317,-0.4560876933816343,1,0.00847288613561874,0.9310171399696981,1.0304638130973318,-1.0408329997330665
-1.2932053888078372,-0.781747724520704,1,-1.4036748031341704,0.3480383422428989,1.0304638130973318,0.9607689228305228
1.061127227257883,-1.5678616216093544,1,-1.4036748031341704,1.397400178151138,-0.9704367948586523,0.9607689228305228
-1.4455935211504103,-1.358562280537812,3,-0.6976009584992757,1.5139959376964975,-0.9704367948586523,0.9607689228305228
1.53557935358497,-0.7486523833239617,3,1.4206205754054078,-0.11834469593854043,-0.9704367948586523,-1.0408329997330665
0.7454660959768388,1.0227798530885082,3,0.7145467307705132,-0.001748936393180464,1.0304638130973318,-1.0408329997330665
-0.9295227872507719,1.190786139291079,2,-1.4036748031341704,-0.4681319745746198,1.0304638130973318,-1.0408329997330665
0.9497174162175145,-0.6390840845848529,2,-0.6976009584992757,-0.8179192532106994,-0.9704367948586523,-1.0408329997330665
0.6135671242853679,0.6125194168520334,2,1.4206205754054078,-1.7506853295735783,-0.9704367948586523,0.9607689228305228
0.6551857318579194,-0.12005169893742884,1,0.00847288613561874,-0.7013234936653397,1.0304638130973318,-1.0408329997330665
-0.9308033597914658,0.05219397633563779,1,-1.4036748031341704,0.11484682315217949,-0.9704367948586523,0.9607689228305228
-0.5351064447170532,0.07067396515674869,2,1.4206205754054078,-0.001748936393180464,-0.9704367948586523,0.9607689228305228
-1.7273194801030665,0.030270947772190637,2,1.4206205754054078,0.6978256208789788,-0.9704367948586523,-1.0408329997330665
-0.9442493714687517,1.178606678978053,2,0.7145467307705132,0.5812298613336189,1.0304638130973318,0.9607689228305228
0.0731655121125455,-1.324342681466021,3,-0.6976009584992757,-0.4681319745746198,1.0304638130973318,-1.0408329997330665
0.12951070390307676,0.6969324456369304,3,0.7145467307705132,1.1642086590604181,1.0304638130973318,0.9607689228305228
1.476032730442704,1.5698015754168289,2,0.00847288613561874,1.0476128995150582,1.0304638130973318,0.9607689228305228
0.9778900121127801,-1.5574622362651551,2,0.00847288613561874,1.6305916972418575,-0.9704367948586523,-1.0408329997330665
1.0303934862812296,0.1760497189034888,1,-0.6976009584992757,0.11484682315217949,-0.9704367948586523,-1.0408329997330665
-0.27130850133411144,-0.054071814895515775,2,1.4206205754054078,-1.051110772301419,-0.9704367948586523,-1.0408329997330665
-0.5876099188855027,1.247701694215413,2,1.4206205754054078,1.7471874567872174,-0.9704367948586523,-1.0408329997330665
1.1712564657575577,-1.714717806537574,2,1.4206205754054078,-0.7013234936653397,1.0304638130973318,0.9607689228305228
-1.5025789992112886,-1.1061195435112805,3,-0.6976009584992757,-0.7013234936653397,-0.9704367948586523,-1.0408329997330665
1.0771343840165568,-1.512117168638196,1,-0.6976009584992757,0.23144258269753945,-0.9704367948586523,0.9607689228305228
0.16024444487973014,-1.0749448095177463,1,1.4206205754054078,1.0476128995150582,1.0304638130973318,0.9607689228305228
-0.001747981518047174,0.015327686849670036,3,-1.4036748031341704,1.5139959376964975,-0.9704367948586523,0.9607689228305228
-0.1778267058634573,-1.102348595222055,3,1.4206205754054078,0.9310171399696981,-0.9704367948586523,-1.0408329997330665
-1.2765579457788165,1.2835374139825864,1,1.4206205754054078,-0.11834469593854043,-0.9704367948586523,0.9607689228305228
-1.3726008863308585,-0.47784676767163686,1,0.7145467307705132,0.9310171399696981,-0.9704367948586523,0.9607689228305228
0.38690578458254904,0.01282152866987426,3,-1.4036748031341704,0.5812298613336189,-0.9704367948586523,0.9607689228305228
0.7083294922967158,-0.8599539129537703,3,-0.6976009584992757,0.46463410178825887,-0.9704367948586523,-1.0408329997330665
-1.1113640880293045,-0.5452553960964241,3,0.00847288613561874,0.11484682315217949,-0.9704367948586523,0.9607689228305228
-0.2124021644621924,-0.4111173783796914,3,-0.6976009584992757,1.0476128995150582,1.0304638130973318,-1.0408329997330665
-0.738077192417035,0.6411411485876449,3,0.7145467307705132,-0.7013234936653397,1.0304638130973318,-1.0408329997330665
-0.9308033597914658,-0.6285441670062726,1,-0.6976009584992757,0.6978256208789788,-0.9704367948586523,-1.0408329997330665
-1.2278961892324487,-0.5965028175673882,2,-1.4036748031341704,-1.4008980509374986,-0.9704367948586523,0.9607689228305228
-1.0031557083406706,-0.9071024775886198,3,0.00847288613561874,-1.4008980509374986,1.0304638130973318,0.9607689228305228
-0.7758540823675049,0.1481072263007191,2,-1.4036748031341704,-0.8179192532106994,-0.9704367948586523,-1.0408329997330665
1.3851120800534378,0.2194741793272399,1,-1.4036748031341704,0.6978256208789788,1.0304638130973318,0.9607689228305228
-0.0689780399044765,0.2950805214242564,1,0.7145467307705132,-1.5174938104828586,-0.9704367948586523,-1.0408329997330665
-0.23865390154641716,-1.03128612870336,1,-1.4036748031341704,1.397400178151138,1.0304638130973318,-1.0408329997330665
1.3281266019925595,1.2728101200914979,2,-1.4036748031341704,0.23144258269753945,-0.9704367948586523,0.9607689228305228
-0.07922262023002763,-0.5414844478071987,1,1.4206205754054078,0.11484682315217949,1.0304638130973318,0.9607689228305228
-0.49220726460380776,0.1541969564572322,3,0.00847288613561874,-1.167706531846779,1.0304638130973318,0.9607689228305228
-0.5062935625514405,-0.9769938421541393,1,0.00847288613561874,-1.6340895700282183,-0.9704367948586523,0.9607689228305228
-1.1139252331106924,0.18045306224742905,1,-1.4036748031341704,0.3480383422428989,-0.9704367948586523,0.9607689228305228
-1.37644260395294,-1.39416377991435,3,0.7145467307705132,-1.167706531846779,-0.9704367948586523,0.9607689228305228
-0.9013501913555062,-1.1199853906368795,2,-0.6976009584992757,1.5139959376964975,1.0304638130973318,-1.0408329997330665
-0.0004674089773532822,0.6938173144414832,1,-1.4036748031341704,-1.051110772301419,1.0304638130973318,0.9607689228305228
-1.0742274843491817,0.27418806257960376,2,0.7145467307705132,1.5139959376964975,-0.9704367948586523,-1.0408329997330665
0.21466877785922056,-1.6671944892777084,2,1.4206205754054078,-1.7506853295735783,-0.9704367948586523,-1.0408329997330665
-1.24646449107251,0.4948002485188225,2,1.4206205754054078,0.8144213804243388,1.0304638130973318,-1.0408329997330665
-0.4749195353044402,-0.4571416851394923,2,0.00847288613561874,-0.8179192532106994,-0.9704367948586523,0.9607689228305228
-1.0076377122330993,-0.4361321160995222,3,-1.4036748031341704,-0.11834469593854043,-0.9704367948586523,0.9607689228305228
-0.05617231449753758,-0.8675660756494117,2,1.4206205754054078,0.9310171399696981,-0.9704367948586523,-1.0408329997330665
-0.5427898799612165,-0.03599000073848457,1,0.00847288613561874,-1.051110772301419,-0.9704367948586523,0.9607689228305228
-0.6938974397630957,0.6385881463297222,2,0.00847288613561874,-0.001748936393180464,1.0304638130973318,0.9607689228305228
0.5713082304424695,-0.5981189382627706,2,0.00847288613561874,0.5812298613336189,-0.9704367948586523,0.9607689228305228
-0.9711413948233233,0.3120614997453025,1,-0.6976009584992757,-1.167706531846779,-0.9704367948586523,-1.0408329997330665
-1.1344143937617945,-1.5051374009972696,3,0.00847288613561874,-0.23494045548390038,1.0304638130973318,-1.0408329997330665
-0.7195088905769735,-0.042735547988776004,1,0.00847288613561874,-1.284302291392139,1.0304638130973318,0.9607689228305228
1.073292666394475,-0.5329119815099534,1,1.4206205754054078,-0.3515362150292598,-0.9704367948586523,0.9607689228305228
-0.7560052079867495,1.7049701628523561,2,-1.4036748031341704,-1.7506853295735783,1.0304638130973318,0.9607689228305228
0.8972139420490649,1.2804222827871392,3,0.7145467307705132,-0.23494045548390038,1.0304638130973318,-1.0408329997330665
0.3452871770099975,-0.11183056322613616,3,1.4206205754054078,1.6305916972418575,1.0304638130973318,0.9607689228305228
1.5765576748871746,0.6034785097735178,3,1.4206205754054078,0.3480383422428989,1.0304638130973318,0.9607689228305228
-1.1113640880293045,-0.9580688345908217,2,-1.4036748031341704,0.23144258269753945,1.0304638130973318,-1.0408329997330665
0.5937182499046125,0.016943807545052356,1,-0.6976009584992757,-0.23494045548390038,-0.9704367948586523,0.9607689228305228
1.4715507265502754,-0.8559253222348463,3,1.4206205754054078,0.11484682315217949,1.0304638130973318,0.9607689228305228
-1.5044998580223292,-1.3578361973268431,2,-1.4036748031341704,-1.284302291392139,-0.9704367948586523,-1.0408329997330665
0.8363867463661051,-1.6192729973537632,2,0.00847288613561874,0.9310171399696981,-0.9704367948586523,0.9607689228305228
-0.3154882539880507,1.5201234305631202,3,1.4206205754054078,0.46463410178825887,-0.9704367948586523,-1.0408329997330665
-0.017114852006373877,0.419147062343679,2,-0.6976009584992757,-1.051110772301419,-0.9704367948586523,0.9607689228305228
0.9484368436768206,-0.9824043331778106,3,-0.6976009584992757,-0.8179192532106994,1.0304638130973318,0.9607689228305228
1.239126810414334,-0.6793699917740934,2,0.7145467307705132,-1.051110772301419,1.0304638130973318,0.9607689228305228
0.7845235584680025,-1.10038114394072,1,-1.4036748031341704,-0.11834469593854043,-0.9704367948586523,0.9607689228305228
-0.4076894769180109,-1.7247190172176938,1,-1.4036748031341704,0.23144258269753945,-0.9704367948586523,0.9607689228305228
-1.3104931181072046,-1.5402001934753469,1,-0.6976009584992757,-1.6340895700282183,-0.9704367948586523,0.9607689228305228
1.4248098288149484,0.3975285202880575,3,-0.6976009584992757,1.6305916972418575,-0.9704367948586523,-1.0408329997330665
-0.003668840329088012,1.2806330811387108,3,-1.4036748031341704,-1.6340895700282183,1.0304638130973318,-1.0408329997330665
0.44517183518412107,0.8421725098697678,2,-1.4036748031341704,1.5139959376964975,1.0304638130973318,0.9607689228305228
-1.2618313615608368,-1.2154770438988176,1,0.7145467307705132,-0.5847277341199798,1.0304638130973318,0.9607689228305228
-0.4448260805981338,1.2024737367837715,3,-1.4036748031341704,-1.6340895700282183,-0.9704367948586523,0.9607689228305228
-1.4686438268829003,-0.9201251313079324,3,-0.6976009584992757,1.397400178151138,-0.9704367948586523,-1.0408329997330665
-1.3405865728135111,-1.355634525654873,2,-0.6976009584992757,0.46463410178825887,-0.9704367948586523,0.9607689228305228
-1.2093278873923872,1.1604311766647677,3,0.7145467307705132,-1.051110772301419,1.0304638130973318,0.9607689228305228
-0.10035206715147685,-1.331837733966345,1,-1.4036748031341704,-1.284302291392139,-0.9704367948586523,-1.0408329997330665
-0.512056138984563,-1.6169542154864756,3,0.7145467307705132,-0.23494045548390038,-0.9704367948586523,-1.0408329997330665
-0.10035206715147685,1.2342340217538936,3,1.4206205754054078,0.6978256208789788,1.0304638130973318,0.9607689228305228
0.6615885945613889,-1.7659886500476019,3,0.00847288613561874,0.9310171399696981,-0.9704367948586523,0.9607689228305228
-1.5397156028914114,0.9314573227798751,3,-1.4036748031341704,-0.4681319745746198,1.0304638130973318,0.9607689228305228
-0.39488375151107197,-0.4846860030781824,2,0.7145467307705132,-0.11834469593854043,1.0304638130973318,0.9607689228305228
0.03923033978415737,-1.1215078231760078,3,0.00847288613561874,-1.284302291392139,-0.9704367948586523,-1.0408329997330665
1.5182916242856024,0.7243596533803028,3,0.7145467307705132,0.9310171399696981,-0.9704367948586523,0.9607689228305228
0.05075549265040239,0.36893021059150943,2,0.7145467307705132,1.5139959376964975,1.0304638130973318,0.9607689228305228
0.5303299091402649,1.0634170908637013,1,1.4206205754054078,-0.3515362150292598,-0.9704367948586523,-1.0408329997330665
-1.153622981872203,1.1921211955176994,3,-1.4036748031341704,1.0476128995150582,1.0304638130973318,0.9607689228305228
1.228882230088783,-0.6288720755531617,3,0.7145467307705132,-0.5847277341199798,-0.9704367948586523,-1.0408329997330665
0.8895305068049015,0.25200739158645796,2,0.00847288613561874,-1.7506853295735783,1.0304638130973318,0.9607689228305228
1.3012345786379877,0.8701150024725375,2,-0.6976009584992757,-0.5847277341199798,-0.9704367948586523,-1.0408329997330665
1.2922705708531306,-1.162730611927789,3,0.7145467307705132,-0.9345150127560594,-0.9704367948586523,-1.0408329997330665
-1.2573493576684083,-0.9760569605915989,2,-1.4036748031341704,-0.11834469593854043,-0.9704367948586523,-1.0408329997330665
-1.4193417840661855,0.6357072355249102,3,0.7145467307705132,0.5812298613336189,1.0304638130973318,0.9607689228305228
1.478593875524092,-0.5165633982436221,1,1.4206205754054078,-0.5847277341199798,1.0304638130973318,-1.0408329997330665
-0.6497176871091564,-0.815007019990891,3,1.4206205754054078,-0.3515362150292598,1.0304638130973318,-1.0408329997330665
-0.583127914993074,-1.2066235131328102,3,-1.4036748031341704,-0.4681319745746198,1.0304638130973318,0.9607689228305228
-0.024158000980190282,0.9554883348590384,1,-1.4036748031341704,0.11484682315217949,1.0304638130973318,0.9607689228305228
-0.3135673951770098,1.456930769169765,1,1.4206205754054078,-1.7506853295735783,-0.9704367948586523,0.9607689228305228
0.5252076189774894,0.17754872940355357,3,0.7145467307705132,-0.4681319745746198,-0.9704367948586523,-1.0408329997330665
0.013618888970279528,-0.5053910856103269,2,-0.6976009584992757,-0.23494045548390038,1.0304638130973318,-1.0408329997330665
-1.648564268850392,0.6910769358710523,1,1.4206205754054078,-1.051110772301419,-0.9704367948586523,-1.0408329997330665
1.1501270188361086,-0.3357218346342466,2,-0.6976009584992757,0.11484682315217949,1.0304638130973318,0.9607689228305228
-1.4680035406125533,-1.46672525693311,1,0.00847288613561874,-1.5174938104828586,1.0304638130973318,-1.0408329997330665
1.194306771490048,0.9023203061848664,1,0.00847288613561874,1.6305916972418575,1.0304638130973318,-1.0408329997330665
-0.620264518673197,-1.764255419156902,3,1.4206205754054078,0.46463410178825887,-0.9704367948586523,0.9607689228305228
-1.7183554723182093,0.35651652988784815,3,-0.6976009584992757,0.6978256208789788,-0.9704367948586523,-1.0408329997330665
1.3402920411291515,-1.189361470343002,1,-0.6976009584992757,-1.051110772301419,1.0304638130973318,0.9607689228305228
-0.8257964114545666,0.37808822786534263,2,0.7145467307705132,-0.8179192532106994,-0.9704367948586523,0.9607689228305228
0.6097254066632862,0.8658521913629783,2,1.4206205754054078,0.46463410178825887,1.0304638130973318,0.9607689228305228
1.5086873302303982,1.318014655484076,3,-1.4036748031341704,-1.4008980509374986,-0.9704367948586523,0.9607689228305228
0.06035978670560658,-0.025145596652078557,1,-0.6976009584992757,-0.4681319745746198,-0.9704367948586523,0.9607689228305228
0.5508190697913672,1.6383813057947918,2,-1.4036748031341704,0.3480383422428989,1.0304638130973318,0.9607689228305228
1.5515865103436437,0.9260234097171404,3,-1.4036748031341704,-0.9345150127560594,1.0304638130973318,-1.0408329997330665
0.46694156837591727,-0.024653733831744806,2,-0.6976009584992757,0.9310171399696981,1.0304638130973318,-1.0408329997330665
-0.1791072784041512,-1.081526402494593,3,1.4206205754054078,-0.001748936393180464,-0.9704367948586523,0.9607689228305228
0.28830169894911933,-1.558235163554251,1,0.00847288613561874,1.397400178151138,1.0304638130973318,-1.0408329997330665
1.620737427541114,0.45615388406402785,2,1.4206205754054078,-0.7013234936653397,-0.9704367948586523,0.9607689228305228
-0.9596162419570783,1.0687807378092455,1,-0.6976009584992757,0.6978256208789788,1.0304638130973318,0.9607689228305228
-0.6330702440801359,0.8020037128758448,2,-0.6976009584992757,-1.5174938104828586,1.0304638130973318,-1.0408329997330665
-1.8003121149226182,-1.158116470232277,3,-0.6976009584992757,-0.3515362150292598,-0.9704367948586523,0.9607689228305228
-1.4808092660194923,-0.09321004217064419,3,-1.4036748031341704,1.7471874567872174,1.0304638130973318,0.9607689228305228
-1.1235295271658965,1.5077331718985223,1,0.7145467307705132,-1.6340895700282183,-0.9704367948586523,-1.0408329997330665
1.205191638085946,-1.0877332428464237,3,-0.6976009584992757,-0.9345150127560594,1.0304638130973318,0.9607689228305228
0.4285243921551005,0.8077186904073417,3,1.4206205754054078,-0.9345150127560594,1.0304638130973318,-1.0408329997330665
-0.012632848113945255,-0.04299319041847464,3,-1.4036748031341704,-0.5847277341199798,-0.9704367948586523,0.9607689228305228
-1.0562994687794671,0.9384370904208017,3,1.4206205754054078,-0.9345150127560594,-0.9704367948586523,0.9607689228305228
-1.6530462727428208,-0.7141985638615357,2,0.7145467307705132,-0.001748936393180464,-0.9704367948586523,0.9607689228305228
0.11286326087405615,-0.02018012437061403,1,0.7145467307705132,-1.051110772301419,-0.9704367948586523,-1.0408329997330665
0.2876614126787724,-1.5805329447427143,3,1.4206205754054078,0.5812298613336189,-0.9704367948586523,0.9607689228305228
1.3255654569111717,1.3376657462583623,2,-1.4036748031341704,0.8144213804243388,-0.9704367948586523,-1.0408329997330665
1.6687588978171348,-0.9338036021210234,2,0.00847288613561874,-0.7013234936653397,-0.9704367948586523,-1.0408329997330665
1.3646229194023354,-1.140409408700262,2,1.4206205754054078,0.8144213804243388,1.0304638130973318,-1.0408329997330665
-0.9672996772012417,1.2313296889100183,2,0.00847288613561874,0.9310171399696981,-0.9704367948586523,-1.0408329997330665
-0.7233506081990553,1.604208550801128,1,0.00847288613561874,0.9310171399696981,-0.9704367948586523,-1.0408329997330665
1.1789399010017212,-0.08662844919379734,2,0.00847288613561874,-0.8179192532106994,1.0304638130973318,-1.0408329997330665
0.8671204873427585,-0.9802026615058405,3,1.4206205754054078,0.3480383422428989,-0.9704367948586523,-1.0408329997330665
-1.3790037490343279,-0.2500674377789835,3,0.7145467307705132,0.8144213804243388,-0.9704367948586523,0.9607689228305228
-0.0215968558988025,-0.12365869295320968,1,-1.4036748031341704,0.8144213804243388,1.0304638130973318,0.9607689228305228
-0.16245983537513062,1.2262236843941727,2,-0.6976009584992757,-0.5847277341199798,1.0304638130973318,0.9607689228305228
-0.9737025399047111,0.8137849985247912,2,0.00847288613561874,-1.051110772301419,1.0304638130973318,0.9607689228305228
-0.8232352663731788,0.07280537071152827,1,0.00847288613561874,-1.5174938104828586,-0.9704367948586523,0.9607689228305228
-1.5986219397633303,-0.1779509795024303,1,0.00847288613561874,0.46463410178825887,-0.9704367948586523,0.9607689228305228
1.098904117208353,-1.4063198181883128,2,-0.6976009584992757,-0.8179192532106994,-0.9704367948586523,-1.0408329997330665
1.6943703486310127,-0.8521309519065573,3,0.00847288613561874,-0.9345150127560594,-0.9704367948586523,0.9607689228305228
0.3055894282484869,-0.7201477617836677,1,0.00847288613561874,1.280804418605778,-0.9704367948586523,0.9607689228305228
1.38255093497205,-0.03334331032430773,2,-1.4036748031341704,0.11484682315217949,1.0304638130973318,-1.0408329997330665
0.14103585676932176,0.13892578698782243,2,0.7145467307705132,-0.9345150127560594,1.0304638130973318,-1.0408329997330665
-0.8161921173993624,-1.566784207812433,3,0.7145467307705132,1.5139959376964975,-0.9704367948586523,0.9607689228305228
1.477313302983398,1.2334376724257343,1,-0.6976009584992757,1.397400178151138,1.0304638130973318,0.9607689228305228
0.5847542421197554,0.24886883835194737,3,0.00847288613561874,0.6978256208789788,-0.9704367948586523,-1.0408329997330665
0.07764751600497412,-1.33427362602895,1,-0.6976009584992757,0.9310171399696981,1.0304638130973318,-1.0408329997330665
-0.6938974397630957,-0.8952275037834192,3,0.00847288613561874,-0.7013234936653397,-0.9704367948586523,0.9607689228305228
-0.3135673951770098,1.7153695481965554,1,-1.4036748031341704,0.6978256208789788,-0.9704367948586523,0.9607689228305228
1.3140403040449267,-0.7907652095601561,2,0.7145467307705132,0.6978256208789788,-0.9704367948586523,0.9607689228305228
-0.5952933541296661,0.8095456094542957,3,1.4206205754054078,1.397400178151138,1.0304638130973318,0.9607689228305228
1.0553646508247605,0.9684407224611604,1,-1.4036748031341704,-0.4681319745746198,-0.9704367948586523,-1.0408329997330665
1.1654938893244353,-1.2342146751496272,3,1.4206205754054078,0.11484682315217949,1.0304638130973318,0.9607689228305228
0.33824402803618114,-1.1947485393276096,3,1.4206205754054078,-0.9345150127560594,-0.9704367948586523,-1.0408329997330665
-0.654839977271932,-0.48194562450775147,1,0.7145467307705132,-1.4008980509374986,-0.9704367948586523,-1.0408329997330665
0.611646265474327,-0.18970884311231329,1,-0.6976009584992757,-0.001748936393180464,1.0304638130973318,-1.0408329997330665
0.2306759346178942,-1.0083091083820548,3,-0.6976009584992757,-0.9345150127560594,-0.9704367948586523,0.9607689228305228
-0.999313990718589,1.6577981761784433,3,1.4206205754054078,1.0476128995150582,1.0304638130973318,-1.0408329997330665
-0.5760847660192577,-0.8698614354776358,1,-0.6976009584992757,-1.6340895700282183,-0.9704367948586523,0.9607689228305228
1.3492560489140089,-0.5795686833244691,3,-0.6976009584992757,-0.23494045548390038,1.0304638130973318,0.9607689228305228
-0.5331855859060123,0.9669885560392227,2,-0.6976009584992757,-0.23494045548390038,-0.9704367948586523,-1.0408329997330665
1.3633423468616415,1.4730217100063976,1,-1.4036748031341704,-0.001748936393180464,-0.9704367948586523,-1.0408329997330665
1.38255093497205,-1.3067058860511966,1,-0.6976009584992757,-0.4681319745746198,1.0304638130973318,-1.0408329997330665
1.2724216964723754,-1.1614658218183591,3,0.7145467307705132,0.9310171399696981,-0.9704367948586523,-1.0408329997330665
-0.07794204768933374,-0.8166699847644002,1,-1.4036748031341704,-1.5174938104828586,-0.9704367948586523,-1.0408329997330665
1.2551339671730077,-0.1968057209485574,3,0.00847288613561874,0.11484682315217949,-0.9704367948586523,0.9607689228305228
-0.6362716754318706,0.091917754587354,2,1.4206205754054078,0.23144258269753945,1.0304638130973318,-1.0408329997330665
0.3100714321409155,-0.9620505812316188,1,1.4206205754054078,-1.051110772301419,-0.9704367948586523,0.9607689228305228
1.511248475311786,-1.591494459024438,1,1.4206205754054078,1.5139959376964975,1.0304638130973318,-1.0408329997330665
-1.7305209114548012,1.128741157811836,1,-1.4036748031341704,1.280804418605778,-0.9704367948586523,-1.0408329997330665
-0.2905170894445198,-1.2881322090738316,2,1.4206205754054078,1.0476128995150582,-0.9704367948586523,-1.0408329997330665
-1.6824994411787804,0.6396655601266437,3,0.7145467307705132,1.0476128995150582,1.0304638130973318,-1.0408329997330665
-0.14325124726472221,0.8214440052985597,1,0.00847288613561874,1.6305916972418575,-0.9704367948586523,0.9607689228305228
1.1552493089988842,-1.0030859936708916,2,1.4206205754054078,1.0476128995150582,-0.9704367948586523,-1.0408329997330665
-1.67417571966427,1.329093279961117,1,1.4206205754054078,1.5139959376964975,1.0304638130973318,-1.0408329997330665
-0.7291131846321778,-0.06461173247409614,2,-0.6976009584992757,-0.5847277341199798,1.0304638130973318,0.9607689228305228
-0.16566126672686535,0.6574897318539763,1,-0.6976009584992757,-0.5847277341199798,1.0304638130973318,0.9607689228305228
-0.2911573757148667,-1.4862826595511425,1,0.00847288613561874,-0.9345150127560594,-0.9704367948586523,0.9607689228305228
-0.276430791496887,1.2360140967227207,3,0.7145467307705132,-0.3515362150292598,1.0304638130973318,-1.0408329997330665
0.8261421660405539,-0.2752929738503858,1,-1.4036748031341704,1.1642086590604181,-0.9704367948586523,-1.0408329997330665
-1.7157943272368215,1.4038330066127835,2,0.00847288613561874,1.397400178151138,-0.9704367948586523,-1.0408329997330665
0.28445998132703765,1.104077750677958,2,-0.6976009584992757,1.280804418605778,1.0304638130973318,-1.0408329997330665
-0.0523305968754559,-0.4326422322790589,1,1.4206205754054078,1.0476128995150582,-0.9704367948586523,0.9607689228305228
0.020662037944095935,0.18630857201330703,2,1.4206205754054078,-1.167706531846779,-0.9704367948586523,-1.0408329997330665
1.4132846759487034,-0.8559019001957827,1,-0.6976009584992757,-1.4008980509374986,-0.9704367948586523,0.9607689228305228
1.5996079806196646,1.2408390367698041,2,-1.4036748031341704,-0.9345150127560594,-0.9704367948586523,0.9607689228305228
-1.0639829040236304,-1.0661381228298656,2,-1.4036748031341704,-0.23494045548390038,1.0304638130973318,-1.0408329997330665
-1.30729168675547,1.6154979736297408,3,0.7145467307705132,-0.8179192532106994,-0.9704367948586523,0.9607689228305228
1.5765576748871746,1.4547759415759218,1,1.4206205754054078,-0.3515362150292598,-0.9704367948586523,-1.0408329997330665
-0.7886598077744438,0.3482485500984284,2,1.4206205754054078,-0.3515362150292598,-0.9704367948586523,-1.0408329997330665
-1.2304573343138365,-0.6065742943646983,1,0.7145467307705132,0.23144258269753945,-0.9704367948586523,-1.0408329997330665
-0.9096739128700165,0.08297053566509245,3,-0.6976009584992757,1.280804418605778,1.0304638130973318,-1.0408329997330665
-1.2509464949649387,-1.1983555333433904,3,1.4206205754054078,-1.284302291392139,-0.9704367948586523,-1.0408329997330665
1.2826662767979264,-0.6822040585007784,1,1.4206205754054078,-1.284302291392139,1.0304638130973318,-1.0408329997330665
-0.797623815559301,-1.136521350215719,2,-1.4036748031341704,-0.8179192532106994,-0.9704367948586523,-1.0408329997330665
-1.5704493438680647,1.410625397941202,1,-0.6976009584992757,-0.23494045548390038,1.0304638130973318,-1.0408329997330665
0.4566969880503661,-0.5209667415875623,1,0.7145467307705132,0.3480383422428989,-0.9704367948586523,0.9607689228305228
0.16408616250181182,-0.053556530036118516,2,0.7145467307705132,-1.6340895700282183,-0.9704367948586523,-1.0408329997330665
-0.6810917143561568,-1.6838944031299925,2,-1.4036748031341704,0.6978256208789788,-0.9704367948586523,-1.0408329997330665
-1.3111334043775515,-0.3800597545814746,3,-1.4036748031341704,-1.5174938104828586,-0.9704367948586523,0.9607689228305228
0.31071171841126244,1.202450314744708,1,-0.6976009584992757,-1.4008980509374986,-0.9704367948586523,-1.0408329997330665
0.47334443107938673,-1.2999837608399687,2,-0.6976009584992757,-1.051110772301419,-0.9704367948586523,0.9607689228305228
-0.1733447019710287,-1.0855784152525807,1,-1.4036748031341704,-0.001748936393180464,1.0304638130973318,0.9607689228305228
-1.068464907916059,0.3238193633551855,1,-0.6976009584992757,0.3480383422428989,-0.9704367948586523,-1.0408329997330665
-1.3565937295721848,-1.3953348818675257,1,1.4206205754054078,-0.8179192532106994,-0.9704367948586523,-1.0408329997330665
0.9247462516739836,0.08280658139164787,1,0.7145467307705132,-0.23494045548390038,-0.9704367948586523,0.9607689228305228
-0.1957547214331718,-1.2145167402972137,1,-0.6976009584992757,0.46463410178825887,1.0304638130973318,0.9607689228305228
-0.702861447547953,0.08264262711820329,2,0.7145467307705132,0.9310171399696981,-0.9704367948586523,0.9607689228305228
-0.13108580812813025,-0.1004942963193964,2,-1.4036748031341704,-0.001748936393180464,1.0304638130973318,0.9607689228305228
0.446452407724815,1.0372546732297585,1,0.00847288613561874,-0.3515362150292598,1.0304638130973318,0.9607689228305228
1.6809243369537268,-0.49152523848472784,3,-0.6976009584992757,-0.4681319745746198,1.0304638130973318,-1.0408329997330665
0.29534484792293575,-0.26765738911568093,1,1.4206205754054078,-0.9345150127560594,-0.9704367948586523,0.9607689228305228
1.5669533808319704,-0.9886111735296412,2,-1.4036748031341704,1.0476128995150582,-0.9704367948586523,0.9607689228305228
1.1059472661821692,0.8396195076118449,3,0.7145467307705132,1.1642086590604181,1.0304638130973318,-1.0408329997330665
0.3965100786377532,-0.1791455034946694,2,-1.4036748031341704,-1.4008980509374986,-0.9704367948586523,0.9607689228305228
0.7096100648374097,1.4080021295660887,3,1.4206205754054078,-0.23494045548390038,-0.9704367948586523,0.9607689228305228
-0.35966800664198995,-0.4242571422943216,2,0.00847288613561874,0.8144213804243388,-0.9704367948586523,0.9607689228305228
1.1309184307257,1.446133209161486,1,0.00847288613561874,1.397400178151138,-0.9704367948586523,0.9607689228305228
-0.2098410193808046,-1.5995282184232227,1,-1.4036748031341704,-0.8179192532106994,-0.9704367948586523,0.9607689228305228
-0.6785305692747691,1.3364009561489327,3,1.4206205754054078,-1.167706531846779,-0.9704367948586523,-1.0408329997330665
-0.40000604167384757,-1.3218599453252888,2,-0.6976009584992757,1.0476128995150582,1.0304638130973318,0.9607689228305228
-0.35582628901990826,0.37780716339658044,2,1.4206205754054078,-1.051110772301419,1.0304638130973318,0.9607689228305228
0.2985462792746705,-0.41901060554409497,1,0.7145467307705132,1.5139959376964975,1.0304638130973318,-1.0408329997330665
1.380630076161009,1.300541814342696,1,1.4206205754054078,0.5812298613336189,-0.9704367948586523,0.9607689228305228
0.28061826370495596,0.840626655291576,3,0.00847288613561874,-1.6340895700282183,1.0304638130973318,0.9607689228305228
-0.09074777309627266,0.8267608081659769,1,-1.4036748031341704,0.9310171399696981,1.0304638130973318,-1.0408329997330665
0.25948881678350677,-1.2657875838072412,1,-0.6976009584992757,0.46463410178825887,1.0304638130973318,-1.0408329997330665
0.3856252120418551,-0.09299924381907258,3,0.00847288613561874,-1.284302291392139,1.0304638130973318,0.9607689228305228
-0.72655203955079,-0.21884585970732212,2,0.00847288613561874,-1.051110772301419,1.0304638130973318,-1.0408329997330665
1.2596159710654364,0.4790606382681425,3,0.00847288613561874,1.0476128995150582,1.0304638130973318,0.9607689228305228
0.5949988224453064,0.061914122546995236,2,-1.4036748031341704,-0.11834469593854043,1.0304638130973318,-1.0408329997330665
0.5296896228699179,0.5829373815148178,2,-1.4036748031341704,0.46463410178825887,1.0304638130973318,-1.0408329997330665
1.3287668882629065,-0.7460525369879119,3,0.00847288613561874,-1.6340895700282183,1.0304638130973318,-1.0408329997330665
-0.3449414224240102,-0.9190242954719473,3,-1.4036748031341704,-0.11834469593854043,-0.9704367948586523,0.9607689228305228
-1.0633426177532836,1.6563460097565055,1,1.4206205754054078,1.7471874567872174,1.0304638130973318,0.9607689228305228
-1.8009524011929652,-1.2025715003748225,3,1.4206205754054078,1.397400178151138,1.0304638130973318,-1.0408329997330665
1.6476294508956855,0.39015057798305125,2,0.7145467307705132,1.0476128995150582,1.0304638130973318,0.9607689228305228
-1.637039115984147,0.8607696088861961,1,0.00847288613561874,0.9310171399696981,1.0304638130973318,-1.0408329997330665
-1.1216086683548556,-0.6411686460615055,1,-1.4036748031341704,0.5812298613336189,-0.9704367948586523,-1.0408329997330665
1.5932051179161952,0.17035816341105542,3,-1.4036748031341704,0.46463410178825887,-0.9704367948586523,0.9607689228305228
-0.987148551581997,1.38806997432304,3,0.7145467307705132,-1.7506853295735783,-0.9704367948586523,0.9607689228305228
1.0067028942783927,1.0469982414801795,2,0.7145467307705132,0.3480383422428989,1.0304638130973318,-1.0408329997330665
0.1205466961182195,1.1740862254387952,2,0.7145467307705132,-0.001748936393180464,1.0304638130973318,-1.0408329997330665
0.009777171348197854,1.1102611689907251,1,0.7145467307705132,0.11484682315217949,1.0304638130973318,0.9607689228305228
0.21082706023713887,-0.1807382021509882,1,1.4206205754054078,0.23144258269753945,1.0304638130973318,-1.0408329997330665
0.8024515740377169,-0.6807284700397771,1,1.4206205754054078,-1.4008980509374986,-0.9704367948586523,0.9607689228305228
1.6591546037619307,1.2347258845742275,3,1.4206205754054078,-1.7506853295735783,1.0304638130973318,-1.0408329997330665
-0.07410033006725207,-1.1952638241870068,1,0.7145467307705132,-0.11834469593854043,-0.9704367948586523,0.9607689228305228
-0.48324325681895053,-0.17242337828344148,3,-0.6976009584992757,1.0476128995150582,1.0304638130973318,0.9607689228305228
-0.053611169416149795,0.936938079920737,3,-0.6976009584992757,0.46463410178825887,1.0304638130973318,0.9607689228305228
1.3044360099897225,0.8206008118922733,2,-1.4036748031341704,0.23144258269753945,1.0304638130973318,0.9607689228305228
1.2244002261963542,-0.5505956210029049,1,-0.6976009584992757,1.5139959376964975,-0.9704367948586523,-1.0408329997330665
0.12310784119960728,1.1245486128194675,1,-1.4036748031341704,-0.11834469593854043,-0.9704367948586523,0.9607689228305228
0.48807101529736646,0.7077534276842729,3,1.4206205754054078,0.6978256208789788,-0.9704367948586523,0.9607689228305228
-0.4915669783334608,1.5723311556356883,2,-1.4036748031341704,0.9310171399696981,-0.9704367948586523,0.9607689228305228
-0.7246311807397492,-1.6441706248782764,2,-1.4036748031341704,1.1642086590604181,1.0304638130973318,0.9607689228305228
-0.1611792628344367,0.11601903278370776,1,1.4206205754054078,-1.5174938104828586,-0.9704367948586523,-1.0408329997330665
0.8767247813979626,-0.027277002206858143,1,-0.6976009584992757,-1.051110772301419,1.0304638130973318,0.9607689228305228
0.19674076228950607,1.1872494113924887,1,1.4206205754054078,-1.5174938104828586,1.0304638130973318,0.9607689228305228
0.26717225202767014,-1.4581527906358647,3,1.4206205754054078,1.1642086590604181,1.0304638130973318,-1.0408329997330665
1.0220697647667194,-0.07840731348250465,1,0.00847288613561874,1.397400178151138,-0.9704367948586523,0.9607689228305228
1.6738811879799103,-1.264077774955605,1,0.7145467307705132,0.8144213804243388,1.0304638130973318,-1.0408329997330665
1.1866233362458845,0.9390929075145801,1,-1.4036748031341704,-0.3515362150292598,1.0304638130973318,-1.0408329997330665
0.4912724466491012,1.3356748729379637,2,1.4206205754054078,0.8144213804243388,-0.9704367948586523,-1.0408329997330665
0.8869693617235138,0.31728461445646566,2,1.4206205754054078,-0.23494045548390038,-0.9704367948586523,-1.0408329997330665
1.5816799650499502,0.0025158314819290163,3,-1.4036748031341704,0.6978256208789788,-0.9704367948586523,0.9607689228305228
0.9029765184821874,-0.06144975720052203,1,1.4206205754054078,-0.5847277341199798,-0.9704367948586523,0.9607689228305228
0.7409840920844101,-0.046764138707700055,2,1.4206205754054078,-0.3515362150292598,-0.9704367948586523,-1.0408329997330665
-1.768297801405271,-1.1727084005688448,1,-1.4036748031341704,1.397400178151138,1.0304638130973318,-1.0408329997330665
0.5802722382273267,0.6025650502500408,2,0.00847288613561874,-0.3515362150292598,1.0304638130973318,-1.0408329997330665
1.6117734197562565,1.0963250557479356,1,-0.6976009584992757,1.0476128995150582,-0.9704367948586523,0.9607689228305228
-0.04976945179406812,-0.6379598267098043,3,-1.4036748031341704,-0.001748936393180464,-0.9704367948586523,0.9607689228305228
0.10582011190023974,1.4315881229030452,3,-0.6976009584992757,-0.8179192532106994,1.0304638130973318,0.9607689228305228
-1.7977509698412306,-1.081620090650847,2,0.00847288613561874,-0.4681319745746198,-0.9704367948586523,0.9607689228305228
0.8197393033370844,1.6237425313800968,1,1.4206205754054078,-1.6340895700282183,1.0304638130973318,-1.0408329997330665
0.8459910404213092,1.165209272633724,1,0.00847288613561874,1.1642086590604181,-0.9704367948586523,0.9607689228305228
0.8587967658282482,-0.26423777141240823,3,0.00847288613561874,0.23144258269753945,-0.9704367948586523,-1.0408329997330665
-0.5671207582344004,-0.6550579152261681,1,0.7145467307705132,0.11484682315217949,-0.9704367948586523,0.9607689228305228
1.0681703762316994,-0.7499874395505819,2,1.4206205754054078,-1.5174938104828586,1.0304638130973318,-1.0408329997330665
-1.3373851414617763,-1.1885651210148425,1,1.4206205754054078,1.0476128995150582,-0.9704367948586523,-1.0408329997330665
0.7665955428982879,-0.4751766552183965,1,0.7145467307705132,1.0476128995150582,1.0304638130973318,0.9607689228305228
-0.7233506081990553,-0.6199248566309001,2,0.7145467307705132,-1.7506853295735783,1.0304638130973318,-1.0408329997330665
1.501003894986235,0.23298869586688628,1,0.00847288613561874,-1.284302291392139,1.0304638130973318,-1.0408329997330665
-0.5383078760687878,-0.9062358621432699,2,0.00847288613561874,1.5139959376964975,-0.9704367948586523,-1.0408329997330665
0.35681232987624256,1.5146192513831949,2,-1.4036748031341704,1.1642086590604181,-0.9704367948586523,0.9607689228305228
-1.0646231902939773,0.3277542659178555,3,-0.6976009584992757,0.8144213804243388,-0.9704367948586523,0.9607689228305228
0.363855478850059,0.5179646451526357,3,-1.4036748031341704,-0.4681319745746198,1.0304638130973318,-1.0408329997330665
-1.1190475232734678,-1.207068531875017,2,1.4206205754054078,-0.3515362150292598,1.0304638130973318,0.9607689228305228
0.2780571186235682,1.1373604681872085,3,-0.6976009584992757,-0.3515362150292598,1.0304638130973318,0.9607689228305228
0.7761998369534922,0.7956329182505696,2,-0.6976009584992757,1.6305916972418575,1.0304638130973318,0.9607689228305228
0.8005307152266761,-1.1116237226912058,1,-1.4036748031341704,1.0476128995150582,1.0304638130973318,-1.0408329997330665
-0.7764943686378518,-0.44634412513121335,3,-1.4036748031341704,-0.8179192532106994,-0.9704367948586523,-1.0408329997330665
-1.2567090713980613,1.5030253420467565,1,1.4206205754054078,-1.167706531846779,1.0304638130973318,-1.0408329997330665
-0.2085604468401107,1.1415295911405134,2,-0.6976009584992757,0.3480383422428989,1.0304638130973318,-1.0408329997330665
0.6936029080787361,-1.6744787434264607,2,-1.4036748031341704,-0.8179192532106994,1.0304638130973318,-1.0408329997330665
-1.1555438406832437,-0.35370996063502375,2,-1.4036748031341704,1.397400178151138,1.0304638130973318,-1.0408329997330665
0.7377826607326754,0.01490609014652682,1,0.7145467307705132,0.8144213804243388,1.0304638130973318,-1.0408329997330665
0.05395692400213712,-0.01748658987831016,3,-1.4036748031341704,-0.001748936393180464,1.0304638130973318,-1.0408329997330665
-0.4409843629760521,1.2350303710820532,2,1.4206205754054078,-0.7013234936653397,1.0304638130973318,-1.0408329997330665
0.19417961720811827,-0.4527383417955521,2,1.4206205754054078,-0.7013234936653397,1.0304638130973318,0.9607689228305228
1.479234161794439,-1.702444658068294,2,0.00847288613561874,-1.284302291392139,1.0304638130973318,0.9607689228305228
-1.4430323760690225,-1.7221425929207075,1,0.7145467307705132,-0.7013234936653397,1.0304638130973318,-1.0408329997330665
1.6969314937124005,-1.561303450671571,2,-1.4036748031341704,1.5139959376964975,-0.9704367948586523,0.9607689228305228
1.217357077222538,-0.07067804059154573,3,-0.6976009584992757,0.11484682315217949,1.0304638130973318,0.9607689228305228
-0.8462855721056689,-0.27812704057707077,2,1.4206205754054078,1.1642086590604181,-0.9704367948586523,-1.0408329997330665
-0.5344661584467062,0.805493596696308,2,0.00847288613561874,-0.11834469593854043,1.0304638130973318,0.9607689228305228
1.3076374413414573,0.986358582344747,3,0.00847288613561874,1.280804418605778,1.0304638130973318,-1.0408329997330665
0.020662037944095935,0.5623728312170544,2,0.7145467307705132,1.7471874567872174,-0.9704367948586523,0.9607689228305228
-1.045414602183569,-0.940877057918204,1,0.7145467307705132,0.46463410178825887,1.0304638130973318,0.9607689228305228
0.9381922633512695,0.5621854549045463,3,0.7145467307705132,1.1642086590604181,1.0304638130973318,0.9607689228305228
1.1488464462954147,0.24828328737535957,2,1.4206205754054078,1.7471874567872174,1.0304638130973318,0.9607689228305228
-1.4820898385601862,-1.3067058860511966,3,0.00847288613561874,-0.5847277341199798,-0.9704367948586523,-1.0408329997330665
-0.9173573481141799,1.2065257495417592,3,1.4206205754054078,-0.8179192532106994,-0.9704367948586523,-1.0408329997330665
1.1129904151559857,-1.5181366326775187,2,1.4206205754054078,1.397400178151138,-0.9704367948586523,0.9607689228305228
1.6130539922969505,1.178747211212434,3,0.00847288613561874,-0.9345150127560594,-0.9704367948586523,-1.0408329997330665
1.2685799788502936,-0.8990921402288987,1,-1.4036748031341704,-1.4008980509374986,1.0304638130973318,0.9607689228305228
0.18073360553083243,1.4580081829666867,1,1.4206205754054078,-0.3515362150292598,1.0304638130973318,-1.0408329997330665
1.0348754901736583,0.18628514997424353,1,-1.4036748031341704,1.1642086590604181,-0.9704367948586523,-1.0408329997330665
1.1622924579727005,1.4399497908487189,3,0.7145467307705132,1.280804418605778,1.0304638130973318,-1.0408329997330665
0.44133011756203944,-0.9805305700527297,2,0.7145467307705132,-0.4681319745746198,-0.9704367948586523,0.9607689228305228
1.086738678071761,1.1841108581579782,2,0.7145467307705132,1.0476128995150582,-0.9704367948586523,0.9607689228305228
